timestamp,mission_phase,fish_state,fish_x,fish_y,fish_z,surface_coverage_pct,underwater_coverage_pct,communication_delta,fish_progress_delta,silence_delta
2026-03-20T09:06:04.159034+00:00,SURFACE,INIT,15.0,10.0,0.0,0.1,0.0,0.0,0.0,0.0
2026-03-20T09:06:04.878473+00:00,SURFACE,ALIVE,20.0,10.0,0.0,0.6,0.0,0.001055002212524414,0.7291886806488037,0.7302436828613281
2026-03-20T09:06:05.169125+00:00,SURFACE,ALIVE,25.0,10.0,0.0,1.1,0.0,0.0,0.29279232025146484,0.29173731803894043
2026-03-20T09:06:05.494561+00:00,SURFACE,ALIVE,30.0,10.0,0.0,1.6,0.0,0.002008199691772461,0.3234279155731201,0.3254361152648926
2026-03-20T09:06:05.861949+00:00,SURFACE,ALIVE,35.0,10.0,0.0,2.1,0.0,0.002009153366088867,0.3673863410949707,0.3673872947692871
2026-03-20T09:06:06.191769+00:00,SURFACE,ALIVE,35.0,10.0,0.0,2.1,0.0,0.0009980201721191406,0.3298349380493164,0.3288238048553467
2026-03-20T09:06:06.480157+00:00,SURFACE,ALIVE,40.0,10.0,0.0,2.6,0.0,0.0020079612731933594,0.2883741855621338,0.289384126663208
2026-03-20T09:06:06.797946+00:00,SURFACE,ALIVE,45.0,10.0,0.0,3.1,0.0,0.0,0.31865596771240234,0.316648006439209
2026-03-20T09:06:07.084207+00:00,SURFACE,ALIVE,50.0,10.0,0.0,3.6,0.0,0.0,0.2874021530151367,0.2874021530151367
2026-03-20T09:06:07.388862+00:00,SURFACE,ALIVE,55.0,10.0,0.0,4.1,0.0,0.002009153366088867,0.3026456832885742,0.3046548366546631
2026-03-20T09:06:07.759672+00:00,SURFACE,ALIVE,60.0,10.0,0.0,4.6,0.0,0.0,0.37081146240234375,0.3688023090362549
2026-03-20T09:06:08.138369+00:00,SURFACE,ALIVE,65.0,10.0,0.0,5.1,0.0,0.0009968280792236328,0.3787100315093994,0.37970685958862305
2026-03-20T09:06:08.485229+00:00,SURFACE,ALIVE,70.0,10.0,0.0,5.6,0.0,0.0020079612731933594,0.3468472957611084,0.3478584289550781
2026-03-20T09:06:08.790874+00:00,SURFACE,ALIVE,75.0,10.0,0.0,6.1,0.0,0.0,0.3066556453704834,0.30464768409729004
2026-03-20T09:06:09.119255+00:00,SURFACE,ALIVE,80.0,10.0,0.0,6.6,0.0,0.0,0.3293778896331787,0.3293778896331787
2026-03-20T09:06:09.426416+00:00,SURFACE,ALIVE,85.0,10.0,0.0,7.1,0.0,0.0015213489532470703,0.30563974380493164,0.3071610927581787
2026-03-20T09:06:09.867106+00:00,SURFACE,ALIVE,90.0,10.0,0.0,7.6,0.0,0.0,0.4422116279602051,0.440690279006958
2026-03-20T09:06:10.158534+00:00,SURFACE,ALIVE,95.0,10.0,0.0,8.1,0.0,0.0,0.2914271354675293,0.2914271354675293
2026-03-20T09:06:10.515239+00:00,SURFACE,ALIVE,100.0,10.0,0.0,8.5,0.0,0.0013146400451660156,0.355391263961792,0.356705904006958
2026-03-20T09:06:10.837746+00:00,SURFACE,ALIVE,105.0,10.0,0.0,8.5,0.0,0.00099945068359375,0.3218255043029785,0.32151031494140625
2026-03-20T09:06:11.160675+00:00,SURFACE,ALIVE,110.0,15.0,0.0,9.0,0.0,0.0009963512420654297,0.32293128967285156,0.32292819023132324
2026-03-20T09:06:11.548814+00:00,SURFACE,ALIVE,105.0,15.0,0.0,9.0,0.0,0.000995635986328125,0.38913655281066895,0.38913583755493164
2026-03-20T09:06:11.941660+00:00,SURFACE,ALIVE,100.0,15.0,0.0,9.0,0.0,0.0009965896606445312,0.39284563064575195,0.39284658432006836
2026-03-20T09:06:12.321171+00:00,SURFACE,ALIVE,95.0,15.0,0.0,9.4,0.0,0.0,0.37950968742370605,0.3785130977630615
2026-03-20T09:06:12.765316+00:00,SURFACE,ALIVE,90.0,15.0,0.0,9.9,0.0,0.000997781753540039,0.44414448738098145,0.4451422691345215
2026-03-20T09:06:13.079811+00:00,SURFACE,ALIVE,85.0,15.0,0.0,10.4,0.0,0.0,0.31348323822021484,0.3124854564666748
2026-03-20T09:06:13.411197+00:00,SURFACE,ALIVE,80.0,15.0,0.0,10.9,0.0,0.0,0.3313872814178467,0.3313872814178467
2026-03-20T09:06:13.767731+00:00,SURFACE,ALIVE,75.0,15.0,0.0,11.4,0.0,0.0009975433349609375,0.356548547744751,0.3575460910797119
2026-03-20T09:06:14.185865+00:00,SURFACE,ALIVE,70.0,15.0,0.0,11.9,0.0,0.0,0.4181201457977295,0.41712260246276855
2026-03-20T09:06:14.569678+00:00,SURFACE,ALIVE,65.0,15.0,0.0,12.4,0.0,0.0,0.3858206272125244,0.3858206272125244
2026-03-20T09:06:14.899870+00:00,SURFACE,ALIVE,60.0,15.0,0.0,12.9,0.0,0.0,0.3281824588775635,0.3281824588775635
2026-03-20T09:06:15.428569+00:00,SURFACE,ALIVE,55.0,15.0,0.0,13.4,0.0,0.0,0.5287008285522461,0.5287008285522461
2026-03-20T09:06:15.878835+00:00,SURFACE,ALIVE,50.0,15.0,0.0,13.9,0.0,0.000997304916381836,0.4512767791748047,0.4522740840911865
2026-03-20T09:06:16.376797+00:00,SURFACE,ALIVE,45.0,15.0,0.0,14.4,0.0,0.0,0.4961824417114258,0.49518513679504395
2026-03-20T09:06:16.752300+00:00,SURFACE,ALIVE,40.0,15.0,0.0,14.9,0.0,0.0009965896606445312,0.37728357315063477,0.3782801628112793
2026-03-20T09:06:17.076573+00:00,SURFACE,ALIVE,35.0,15.0,0.0,15.4,0.0,0.004008054733276367,0.3212606906890869,0.32427215576171875
2026-03-20T09:06:17.446841+00:00,SURFACE,ALIVE,30.0,15.0,0.0,15.9,0.0,0.0,0.37427687644958496,0.3702688217163086
2026-03-20T09:06:17.852074+00:00,SURFACE,ALIVE,25.0,15.0,0.0,16.4,0.0,0.002008199691772461,0.40322446823120117,0.40523266792297363
2026-03-20T09:06:18.322766+00:00,SURFACE,ALIVE,20.0,15.0,0.0,16.9,0.0,0.0,0.4706919193267822,0.46868371963500977
2026-03-20T09:06:18.804077+00:00,SURFACE,ALIVE,15.0,15.0,0.0,17.4,0.0,0.0,0.48232173919677734,0.48232173919677734
2026-03-20T09:06:19.211660+00:00,SURFACE,ALIVE,10.0,20.0,0.0,17.9,0.0,0.002008676528930664,0.406571626663208,0.40858030319213867
2026-03-20T09:06:20.091799+00:00,SURFACE,ALIVE,15.0,20.0,0.0,18.4,0.0,0.0,0.8801398277282715,0.8781311511993408
2026-03-20T09:06:20.421616+00:00,SURFACE,ALIVE,20.0,20.0,0.0,18.9,0.0,0.0,0.3308286666870117,0.3308286666870117
2026-03-20T09:06:20.729523+00:00,SURFACE,ALIVE,25.0,20.0,0.0,19.4,0.0,0.0009970664978027344,0.3079066276550293,0.30890369415283203
2026-03-20T09:06:21.225191+00:00,SURFACE,ALIVE,30.0,20.0,0.0,19.9,0.0,0.0,0.49666452407836914,0.4956674575805664
2026-03-20T09:06:21.645951+00:00,SURFACE,ALIVE,35.0,20.0,0.0,20.4,0.0,0.0,0.4207603931427002,0.4207603931427002
2026-03-20T09:06:21.950242+00:00,SURFACE,ALIVE,40.0,20.0,0.0,20.9,0.0,0.0009975433349609375,0.30329370498657227,0.3042912483215332
2026-03-20T09:06:22.554184+00:00,SURFACE,ALIVE,45.0,20.0,0.0,21.4,0.0,0.0010256767272949219,0.6039137840270996,0.6039419174194336
2026-03-20T09:06:22.892848+00:00,SURFACE,ALIVE,50.0,20.0,0.0,21.9,0.0,0.0,0.3396890163421631,0.33866333961486816
2026-03-20T09:06:23.795425+00:00,SURFACE,ALIVE,55.0,20.0,0.0,22.4,0.0,0.0,0.9025778770446777,0.9025778770446777
2026-03-20T09:06:24.543616+00:00,SURFACE,ALIVE,60.0,20.0,0.0,22.9,0.0,0.0,0.7481908798217773,0.7481908798217773
2026-03-20T09:06:25.209401+00:00,SURFACE,ALIVE,65.0,20.0,0.0,23.4,0.0,0.0020079612731933594,0.6637763977050781,0.6657843589782715
2026-03-20T09:06:25.527828+00:00,SURFACE,ALIVE,70.0,20.0,0.0,23.9,0.0,0.0,0.3204350471496582,0.31842708587646484
2026-03-20T09:06:25.886666+00:00,SURFACE,ALIVE,75.0,20.0,0.0,24.4,0.0,0.0,0.35784101486206055,0.35784101486206055
2026-03-20T09:06:26.257954+00:00,SURFACE,ALIVE,80.0,20.0,0.0,24.9,0.0,0.0,0.3722851276397705,0.3722851276397705
2026-03-20T09:06:26.636768+00:00,SURFACE,ALIVE,85.0,20.0,0.0,25.4,0.0,0.000997781753540039,0.37781643867492676,0.3788142204284668
2026-03-20T09:06:26.956081+00:00,SURFACE,ALIVE,90.0,20.0,0.0,25.9,0.0,0.0009965896606445312,0.31931424140930176,0.31931304931640625
2026-03-20T09:06:27.268895+00:00,SURFACE,ALIVE,95.0,20.0,0.0,26.4,0.0,0.0,0.31180262565612793,0.3108060359954834
2026-03-20T09:06:27.680650+00:00,SURFACE,ALIVE,100.0,20.0,0.0,26.8,0.0,0.0,0.41175341606140137,0.41175341606140137
2026-03-20T09:06:28.006556+00:00,SURFACE,ALIVE,105.0,20.0,0.0,26.8,0.0,0.0009980201721191406,0.32592082023620605,0.3269188404083252
2026-03-20T09:06:28.366978+00:00,SURFACE,ALIVE,110.0,25.0,0.0,27.3,0.0,0.0009970664978027344,0.36042213439941406,0.36042118072509766
2026-03-20T09:06:28.861359+00:00,SURFACE,ALIVE,105.0,25.0,0.0,27.3,0.0,0.0,0.49637579917907715,0.4953787326812744
2026-03-20T09:06:29.174037+00:00,SURFACE,ALIVE,100.0,25.0,0.0,27.3,0.0,0.0,0.3106696605682373,0.3106696605682373
2026-03-20T09:06:29.480507+00:00,SURFACE,ALIVE,95.0,25.0,0.0,27.7,0.0,0.002008199691772461,0.3064699172973633,0.30847811698913574
2026-03-20T09:06:29.867443+00:00,SURFACE,ALIVE,90.0,25.0,0.0,28.2,0.0,0.0,0.3889436721801758,0.3869354724884033
2026-03-20T09:06:30.291426+00:00,SURFACE,ALIVE,85.0,25.0,0.0,28.7,0.0,0.0,0.4239833354949951,0.4239833354949951
2026-03-20T09:06:30.654605+00:00,SURFACE,ALIVE,80.0,25.0,0.0,29.2,0.0,0.0,0.3621814250946045,0.3621814250946045
2026-03-20T09:06:30.965904+00:00,SURFACE,ALIVE,75.0,25.0,0.0,29.7,0.0,0.0,0.31129956245422363,0.31129956245422363
2026-03-20T09:06:31.284133+00:00,SURFACE,ALIVE,70.0,25.0,0.0,30.2,0.0,0.0,0.3192265033721924,0.3192265033721924
2026-03-20T09:06:31.593560+00:00,SURFACE,ALIVE,65.0,25.0,0.0,30.7,0.0,0.0,0.30942606925964355,0.30942606925964355
2026-03-20T09:06:31.971843+00:00,SURFACE,ALIVE,60.0,25.0,0.0,31.2,0.0,0.0009968280792236328,0.3772866725921631,0.3782835006713867
2026-03-20T09:06:32.343383+00:00,SURFACE,ALIVE,55.0,25.0,0.0,31.7,0.0,0.0020101070404052734,0.3705270290374756,0.3715403079986572
2026-03-20T09:06:32.704130+00:00,SURFACE,ALIVE,50.0,25.0,0.0,32.2,0.0,0.0010008811950683594,0.3617563247680664,0.3607470989227295
2026-03-20T09:06:33.292374+00:00,SURFACE,ALIVE,45.0,25.0,0.0,32.7,0.0,0.002008199691772461,0.5872361660003662,0.5882434844970703
2026-03-20T09:06:33.725629+00:00,SURFACE,ALIVE,40.0,25.0,0.0,33.2,0.0,0.0,0.43526363372802734,0.4332554340362549
2026-03-20T09:06:34.101929+00:00,SURFACE,ALIVE,35.0,25.0,0.0,33.7,0.0,0.0,0.3762998580932617,0.3762998580932617
2026-03-20T09:06:34.455219+00:00,SURFACE,ALIVE,30.0,25.0,0.0,34.2,0.0,0.0009968280792236328,0.35129427909851074,0.3522911071777344
2026-03-20T09:06:34.889427+00:00,SURFACE,ALIVE,25.0,25.0,0.0,34.7,0.0,0.0009975433349609375,0.43520617485046387,0.43520689010620117
2026-03-20T09:06:35.195422+00:00,SURFACE,ALIVE,20.0,25.0,0.0,35.2,0.0,0.0,0.3069920539855957,0.30599451065063477
2026-03-20T09:06:35.498230+00:00,SURFACE,ALIVE,15.0,25.0,0.0,35.7,0.0,0.0009953975677490234,0.30181241035461426,0.3028078079223633
2026-03-20T09:06:35.842217+00:00,SURFACE,ALIVE,10.0,30.0,0.0,36.2,0.0,0.0,0.3449831008911133,0.34398770332336426
2026-03-20T09:06:36.226584+00:00,SURFACE,ALIVE,15.0,30.0,0.0,36.7,0.0,0.0007367134094238281,0.3832240104675293,0.3839607238769531
2026-03-20T09:06:36.576531+00:00,SURFACE,ALIVE,20.0,30.0,0.0,37.2,0.0,0.0,0.3490781784057617,0.3483414649963379
2026-03-20T09:06:36.904658+00:00,SURFACE,ALIVE,25.0,30.0,0.0,37.7,0.0,0.0,0.32813167572021484,0.32813167572021484
2026-03-20T09:06:37.217101+00:00,SURFACE,ALIVE,30.0,30.0,0.0,38.2,0.0,0.002008199691772461,0.3124420642852783,0.3144502639770508
2026-03-20T09:06:37.525599+00:00,SURFACE,ALIVE,35.0,30.0,0.0,38.7,0.0,0.002007722854614258,0.3084986209869385,0.3084981441497803
2026-03-20T09:06:37.951181+00:00,SURFACE,ALIVE,40.0,30.0,0.0,39.2,0.0,0.0009980201721191406,0.4255950450897217,0.42458534240722656
2026-03-20T09:06:38.301834+00:00,SURFACE,ALIVE,45.0,30.0,0.0,39.7,0.0,0.0,0.35164928436279297,0.35065126419067383
2026-03-20T09:06:38.671839+00:00,SURFACE,ALIVE,50.0,30.0,0.0,40.2,0.0,0.0,0.3710031509399414,0.3710031509399414
2026-03-20T09:06:39.000898+00:00,SURFACE,ALIVE,55.0,30.0,0.0,40.7,0.0,0.0009968280792236328,0.3280620574951172,0.3290588855743408
2026-03-20T09:06:39.358966+00:00,SURFACE,ALIVE,60.0,30.0,0.0,41.2,0.0,0.000997781753540039,0.3570702075958252,0.3570711612701416
2026-03-20T09:06:39.688625+00:00,SURFACE,ALIVE,65.0,30.0,0.0,41.7,0.0,0.0020084381103515625,0.32964539527893066,0.3306560516357422
2026-03-20T09:06:40.083044+00:00,SURFACE,ALIVE,70.0,30.0,0.0,42.2,0.0,0.0,0.3954286575317383,0.3934202194213867
2026-03-20T09:06:40.464128+00:00,SURFACE,ALIVE,75.0,30.0,0.0,42.7,0.0,0.0019202232360839844,0.38016223907470703,0.382082462310791
2026-03-20T09:06:40.840982+00:00,SURFACE,ALIVE,80.0,30.0,0.0,43.2,0.0,0.0,0.37877440452575684,0.37685418128967285
2026-03-20T09:06:41.184744+00:00,SURFACE,ALIVE,85.0,30.0,0.0,43.7,0.0,0.0,0.34276413917541504,0.34276413917541504
2026-03-20T09:06:41.614121+00:00,SURFACE,ALIVE,90.0,30.0,0.0,44.2,0.0,0.0,0.4293782711029053,0.4293782711029053
2026-03-20T09:06:42.017848+00:00,SURFACE,ALIVE,95.0,30.0,0.0,44.7,0.0,0.000997781753540039,0.4027292728424072,0.40372705459594727
2026-03-20T09:06:42.442797+00:00,SURFACE,ALIVE,100.0,30.0,0.0,45.1,0.0,0.000997304916381836,0.4259457588195801,0.4259452819824219
2026-03-20T09:06:43.053684+00:00,SURFACE,ALIVE,105.0,30.0,0.0,45.1,0.0,0.0009968280792236328,0.6108872890472412,0.610886812210083
2026-03-20T09:06:43.486616+00:00,SURFACE,ALIVE,110.0,35.0,0.0,45.6,0.0,0.0,0.43293261528015137,0.43193578720092773
2026-03-20T09:06:43.824207+00:00,SURFACE,ALIVE,105.0,35.0,0.0,45.6,0.0,0.000997781753540039,0.3375892639160156,0.33858704566955566
2026-03-20T09:06:44.175262+00:00,SURFACE,ALIVE,100.0,35.0,0.0,45.6,0.0,0.0,0.35105299949645996,0.3500552177429199
2026-03-20T09:06:44.525350+00:00,SURFACE,ALIVE,95.0,35.0,0.0,46.0,0.0,0.0,0.351088285446167,0.351088285446167
2026-03-20T09:06:44.862949+00:00,SURFACE,ALIVE,90.0,35.0,0.0,46.5,0.0,0.0,0.3375992774963379,0.3375992774963379
2026-03-20T09:06:45.245862+00:00,SURFACE,ALIVE,85.0,35.0,0.0,47.0,0.0,0.0,0.3809046745300293,0.3809046745300293
2026-03-20T09:06:45.736287+00:00,SURFACE,ALIVE,80.0,35.0,0.0,47.5,0.0,0.001115560531616211,0.4913175106048584,0.4924330711364746
2026-03-20T09:06:46.062238+00:00,SURFACE,ALIVE,75.0,35.0,0.0,48.0,0.0,0.0,0.32706594467163086,0.32595038414001465
2026-03-20T09:06:46.491089+00:00,SURFACE,ALIVE,70.0,35.0,0.0,48.5,0.0,0.0,0.42684197425842285,0.42684197425842285
2026-03-20T09:06:46.853752+00:00,SURFACE,ALIVE,65.0,35.0,0.0,49.0,0.0,0.0,0.36334776878356934,0.36334776878356934
2026-03-20T09:06:47.164509+00:00,SURFACE,ALIVE,60.0,35.0,0.0,49.5,0.0,0.002009153366088867,0.3100724220275879,0.31208157539367676
2026-03-20T09:06:47.539511+00:00,SURFACE,ALIVE,55.0,35.0,0.0,50.0,0.0,0.0,0.377011775970459,0.3750026226043701
2026-03-20T09:06:48.689499+00:00,SURFACE,ALIVE,50.0,35.0,0.0,50.5,0.0,0.000997781753540039,1.1489896774291992,1.1499874591827393
2026-03-20T09:06:49.000458+00:00,SURFACE,ALIVE,45.0,35.0,0.0,51.0,0.0,0.0,0.31195664405822754,0.3109588623046875
2026-03-20T09:06:49.323675+00:00,SURFACE,ALIVE,40.0,35.0,0.0,51.5,0.0,0.0013203620910644531,0.32082676887512207,0.3221471309661865
2026-03-20T09:06:49.662731+00:00,SURFACE,ALIVE,35.0,35.0,0.0,52.0,0.0,0.0,0.33943796157836914,0.3381175994873047
2026-03-20T09:06:49.994379+00:00,SURFACE,ALIVE,30.0,35.0,0.0,52.5,0.0,0.0,0.3316481113433838,0.3316481113433838
2026-03-20T09:06:50.404802+00:00,SURFACE,ALIVE,25.0,35.0,0.0,53.0,0.0,0.0,0.41042447090148926,0.41042447090148926
2026-03-20T09:06:50.781756+00:00,SURFACE,ALIVE,20.0,35.0,0.0,53.5,0.0,0.002007722854614258,0.3769526481628418,0.37896037101745605
2026-03-20T09:06:51.084376+00:00,SURFACE,ALIVE,15.0,35.0,0.0,54.0,0.0,0.000997304916381836,0.303631067276001,0.30262064933776855
2026-03-20T09:06:51.375542+00:00,SURFACE,ALIVE,10.0,40.0,0.0,54.5,0.0,0.0,0.29015493392944336,0.2891576290130615
2026-03-20T09:06:51.684141+00:00,SURFACE,ALIVE,15.0,40.0,0.0,55.0,0.0,0.0,0.30960726737976074,0.30960726737976074
2026-03-20T09:06:52.034901+00:00,SURFACE,ALIVE,20.0,40.0,0.0,55.5,0.0,0.0,0.3517601490020752,0.3517601490020752
2026-03-20T09:06:52.352698+00:00,SURFACE,ALIVE,25.0,40.0,0.0,56.0,0.0,0.0020072460174560547,0.31578922271728516,0.3177964687347412
2026-03-20T09:06:52.695526+00:00,SURFACE,ALIVE,30.0,40.0,0.0,56.5,0.0,0.0,0.3448355197906494,0.34282827377319336
2026-03-20T09:06:53.003990+00:00,SURFACE,ALIVE,35.0,40.0,0.0,57.0,0.0,0.0,0.30846381187438965,0.30846381187438965
2026-03-20T09:06:53.307206+00:00,SURFACE,ALIVE,40.0,40.0,0.0,57.5,0.0,0.0,0.3022189140319824,0.3022189140319824
2026-03-20T09:06:53.616177+00:00,SURFACE,ALIVE,45.0,40.0,0.0,58.0,0.0,0.0,0.3099679946899414,0.3099679946899414
2026-03-20T09:06:53.944493+00:00,SURFACE,ALIVE,50.0,40.0,0.0,58.5,0.0,0.0,0.3273284435272217,0.3273284435272217
2026-03-20T09:06:54.305795+00:00,SURFACE,ALIVE,55.0,40.0,0.0,59.0,0.0,0.0,0.3622903823852539,0.3622903823852539
2026-03-20T09:06:54.722151+00:00,SURFACE,ALIVE,60.0,40.0,0.0,59.5,0.0,0.0009970664978027344,0.4153585433959961,0.41635560989379883
2026-03-20T09:06:55.027481+00:00,SURFACE,ALIVE,65.0,40.0,0.0,60.0,0.0,0.0009975433349609375,0.3053295612335205,0.3053300380706787
2026-03-20T09:06:55.335721+00:00,SURFACE,ALIVE,70.0,40.0,0.0,60.5,0.0,0.000997304916381836,0.30724263191223145,0.30724239349365234
2026-03-20T09:06:55.631235+00:00,SURFACE,ALIVE,75.0,40.0,0.0,61.0,0.0,0.0,0.2955002784729004,0.29450297355651855
2026-03-20T09:06:55.981449+00:00,SURFACE,ALIVE,80.0,40.0,0.0,61.5,0.0,0.0,0.3512260913848877,0.3512260913848877
2026-03-20T09:06:56.314919+00:00,SURFACE,ALIVE,85.0,40.0,0.0,62.0,0.0,0.0010006427764892578,0.33246731758117676,0.333467960357666
2026-03-20T09:06:56.644823+00:00,SURFACE,ALIVE,90.0,40.0,0.0,62.5,0.0,0.000997304916381836,0.3299083709716797,0.32990503311157227
2026-03-20T09:06:56.956135+00:00,SURFACE,ALIVE,95.0,40.0,0.0,63.0,0.0,0.0,0.3121483325958252,0.31115102767944336
2026-03-20T09:06:57.293435+00:00,SURFACE,ALIVE,100.0,40.0,0.0,63.4,0.0,0.0,0.3374631404876709,0.3374631404876709
2026-03-20T09:06:57.631498+00:00,SURFACE,ALIVE,105.0,40.0,0.0,63.4,0.0,0.000997304916381836,0.3370633125305176,0.3380606174468994
2026-03-20T09:06:57.993191+00:00,SURFACE,ALIVE,110.0,45.0,0.0,63.9,0.0,0.0,0.36269140243530273,0.3616940975189209
2026-03-20T09:06:58.401160+00:00,SURFACE,ALIVE,105.0,45.0,0.0,63.9,0.0,0.0008566379547119141,0.40608859062194824,0.40694522857666016
2026-03-20T09:06:58.796834+00:00,SURFACE,ALIVE,100.0,45.0,0.0,63.9,0.0,0.0,0.39754509925842285,0.39668846130371094
2026-03-20T09:06:59.107332+00:00,SURFACE,ALIVE,95.0,45.0,0.0,64.3,0.0,0.0,0.3115041255950928,0.3115041255950928
2026-03-20T09:06:59.436100+00:00,SURFACE,ALIVE,90.0,45.0,0.0,64.8,0.0,0.0010001659393310547,0.32776713371276855,0.3287672996520996
2026-03-20T09:06:59.849876+00:00,SURFACE,ALIVE,85.0,45.0,0.0,65.3,0.0,0.0009975433349609375,0.4130737781524658,0.4130711555480957
2026-03-20T09:07:00.283794+00:00,SURFACE,ALIVE,80.0,45.0,0.0,65.8,0.0,0.0014171600341796875,0.4342036247253418,0.43462324142456055
2026-03-20T09:07:00.625510+00:00,SURFACE,ALIVE,75.0,45.0,0.0,66.3,0.0,0.0,0.3411264419555664,0.3397092819213867
2026-03-20T09:07:00.957253+00:00,SURFACE,ALIVE,70.0,45.0,0.0,66.8,0.0,0.0,0.33173370361328125,0.33173370361328125
2026-03-20T09:07:01.302143+00:00,SURFACE,ALIVE,65.0,45.0,0.0,67.3,0.0,0.0003879070281982422,0.3455171585083008,0.345905065536499
2026-03-20T09:07:01.606314+00:00,SURFACE,ALIVE,60.0,45.0,0.0,67.8,0.0,0.0,0.30355167388916016,0.3031637668609619
2026-03-20T09:07:01.978644+00:00,SURFACE,ALIVE,55.0,45.0,0.0,68.3,0.0,0.0009975433349609375,0.3723433017730713,0.3733408451080322
2026-03-20T09:07:02.283214+00:00,SURFACE,ALIVE,50.0,45.0,0.0,68.8,0.0,0.0,0.30556559562683105,0.3045680522918701
2026-03-20T09:07:02.597342+00:00,SURFACE,ALIVE,45.0,45.0,0.0,69.3,0.0,0.002008199691772461,0.31311917304992676,0.3151273727416992
2026-03-20T09:07:02.916424+00:00,SURFACE,ALIVE,40.0,45.0,0.0,69.8,0.0,0.0020072460174560547,0.31908321380615234,0.31908226013183594
2026-03-20T09:07:03.231914+00:00,SURFACE,ALIVE,35.0,45.0,0.0,70.3,0.0,0.0,0.31749653816223145,0.3154892921447754
2026-03-20T09:07:03.537696+00:00,SURFACE,ALIVE,30.0,45.0,0.0,70.8,0.0,0.0,0.3049156665802002,0.3049156665802002
2026-03-20T09:07:03.856835+00:00,SURFACE,ALIVE,25.0,45.0,0.0,71.3,0.0,0.0009970664978027344,0.31900835037231445,0.3200054168701172
2026-03-20T09:07:04.250461+00:00,SURFACE,ALIVE,20.0,45.0,0.0,71.8,0.0,0.0,0.3946230411529541,0.39362597465515137
2026-03-20T09:07:04.557685+00:00,SURFACE,ALIVE,15.0,45.0,0.0,72.3,0.0,0.0,0.3062267303466797,0.3062267303466797
2026-03-20T09:07:04.907836+00:00,SURFACE,ALIVE,10.0,50.0,0.0,72.8,0.0,0.0,0.3511490821838379,0.3511490821838379
2026-03-20T09:07:05.234716+00:00,SURFACE,ALIVE,15.0,50.0,0.0,73.3,0.0,0.0,0.3248710632324219,0.3248710632324219
2026-03-20T09:07:05.529631+00:00,SURFACE,ALIVE,20.0,50.0,0.0,73.8,0.0,0.0,0.2969233989715576,0.2969233989715576
2026-03-20T09:07:05.822393+00:00,SURFACE,ALIVE,25.0,50.0,0.0,74.3,0.0,0.0,0.29276180267333984,0.29276180267333984
2026-03-20T09:07:06.258394+00:00,SURFACE,ALIVE,30.0,50.0,0.0,74.8,0.0,0.0021448135375976562,0.4338560104370117,0.4360008239746094
2026-03-20T09:07:06.606248+00:00,SURFACE,ALIVE,35.0,50.0,0.0,75.3,0.0,0.0009963512420654297,0.3490023612976074,0.3478538990020752
2026-03-20T09:07:06.923609+00:00,SURFACE,ALIVE,40.0,50.0,0.0,75.8,0.0,0.0,0.31735920906066895,0.3163628578186035
2026-03-20T09:07:07.206956+00:00,SURFACE,ALIVE,45.0,50.0,0.0,76.3,0.0,0.0,0.2823364734649658,0.2823364734649658
2026-03-20T09:07:07.474738+00:00,SURFACE,ALIVE,50.0,50.0,0.0,76.8,0.0,0.0010433197021484375,0.26874756813049316,0.2697908878326416
2026-03-20T09:07:07.738187+00:00,SURFACE,ALIVE,55.0,50.0,0.0,77.3,0.0,0.0,0.2644927501678467,0.26344943046569824
2026-03-20T09:07:08.105624+00:00,SURFACE,ALIVE,60.0,50.0,0.0,77.8,0.0,0.0,0.36542820930480957,0.36542820930480957
2026-03-20T09:07:08.427281+00:00,SURFACE,ALIVE,65.0,50.0,0.0,78.3,0.0,0.0,0.3236660957336426,0.3236660957336426
2026-03-20T09:07:08.785521+00:00,SURFACE,ALIVE,70.0,50.0,0.0,78.8,0.0,0.0,0.35823893547058105,0.35823893547058105
2026-03-20T09:07:09.091820+00:00,SURFACE,ALIVE,75.0,50.0,0.0,79.3,0.0,0.0020110607147216797,0.304288387298584,0.30629944801330566
2026-03-20T09:07:09.397500+00:00,SURFACE,ALIVE,80.0,50.0,0.0,79.8,0.0,0.002008676528930664,0.3056826591491699,0.3056802749633789
2026-03-20T09:07:09.689098+00:00,SURFACE,ALIVE,85.0,50.0,0.0,80.3,0.0,0.0,0.2936067581176758,0.2915980815887451
2026-03-20T09:07:10.066884+00:00,SURFACE,ALIVE,90.0,50.0,0.0,80.8,0.0,0.002010822296142578,0.3757753372192383,0.37778615951538086
2026-03-20T09:07:10.453076+00:00,SURFACE,ALIVE,95.0,50.0,0.0,81.3,0.0,0.0009970664978027344,0.38620877265930176,0.3851950168609619
2026-03-20T09:07:10.973375+00:00,SURFACE,ALIVE,100.0,50.0,0.0,81.7,0.0,0.0011217594146728516,0.5211715698242188,0.5212962627410889
2026-03-20T09:07:11.538928+00:00,SURFACE,ALIVE,105.0,50.0,0.0,81.7,0.0,0.0,0.566673994064331,0.5655522346496582
2026-03-20T09:07:11.943736+00:00,SURFACE,ALIVE,110.0,55.0,0.0,82.2,0.0,0.0009975433349609375,0.4038102626800537,0.40480780601501465
2026-03-20T09:07:12.271949+00:00,SURFACE,ALIVE,105.0,55.0,0.0,82.2,0.0,0.0027685165405273438,0.3264427185058594,0.3282136917114258
2026-03-20T09:07:12.691878+00:00,SURFACE,ALIVE,100.0,55.0,0.0,82.2,0.0,0.0,0.4206888675689697,0.4179203510284424
2026-03-20T09:07:13.000183+00:00,SURFACE,ALIVE,95.0,55.0,0.0,82.6,0.0,0.0,0.31031322479248047,0.31031322479248047
2026-03-20T09:07:13.278538+00:00,SURFACE,ALIVE,90.0,55.0,0.0,83.1,0.0,0.002007722854614258,0.27634716033935547,0.2783548831939697
2026-03-20T09:07:13.607741+00:00,SURFACE,ALIVE,85.0,55.0,0.0,83.6,0.0,0.0,0.3312106132507324,0.32920289039611816
2026-03-20T09:07:13.886165+00:00,SURFACE,ALIVE,80.0,55.0,0.0,84.1,0.0,0.0,0.2784237861633301,0.2784237861633301
2026-03-20T09:07:14.144604+00:00,SURFACE,ALIVE,75.0,55.0,0.0,84.6,0.0,0.0,0.2584400177001953,0.2584400177001953
2026-03-20T09:07:14.417682+00:00,SURFACE,ALIVE,70.0,55.0,0.0,85.1,0.0,0.0,0.27307748794555664,0.27307748794555664
2026-03-20T09:07:14.695633+00:00,SURFACE,ALIVE,65.0,55.0,0.0,85.6,0.0,0.002008199691772461,0.275942325592041,0.2779505252838135
2026-03-20T09:07:14.931079+00:00,SURFACE,ALIVE,60.0,55.0,0.0,86.1,0.0,0.002007722854614258,0.23544692993164062,0.23544645309448242
2026-03-20T09:07:15.191892+00:00,SURFACE,ALIVE,55.0,55.0,0.0,86.6,0.0,0.013696908950805664,0.24912381172180176,0.26081299781799316
2026-03-20T09:07:15.440841+00:00,SURFACE,ALIVE,50.0,55.0,0.0,87.1,0.0,0.0,0.2626461982727051,0.24894928932189941
2026-03-20T09:07:15.770076+00:00,SURFACE,ALIVE,45.0,55.0,0.0,87.6,0.0,0.0,0.32923412322998047,0.32923412322998047
2026-03-20T09:07:16.059353+00:00,SURFACE,ALIVE,40.0,55.0,0.0,88.1,0.0,0.000997781753540039,0.2873828411102295,0.28838062286376953
2026-03-20T09:07:16.391151+00:00,SURFACE,ALIVE,35.0,55.0,0.0,88.6,0.0,0.0,0.33269548416137695,0.3316977024078369
2026-03-20T09:07:16.842645+00:00,SURFACE,ALIVE,30.0,55.0,0.0,89.1,0.0,0.0009970664978027344,0.4504966735839844,0.4514937400817871
2026-03-20T09:07:17.174194+00:00,SURFACE,ALIVE,25.0,55.0,0.0,89.6,0.0,0.000997304916381836,0.33154892921447754,0.33154916763305664
2026-03-20T09:07:17.450146+00:00,SURFACE,ALIVE,20.0,55.0,0.0,90.1,0.0,0.0,0.27794647216796875,0.2769491672515869
2026-03-20T09:07:17.733613+00:00,SURFACE,ALIVE,15.0,55.0,0.0,90.6,0.0,0.0009965896606445312,0.28147292137145996,0.2824695110321045
2026-03-20T09:07:18.048072+00:00,SURFACE,ALIVE,10.0,60.0,0.0,91.1,0.0,0.00099945068359375,0.31445813179016113,0.31446099281311035
2026-03-20T09:07:18.351041+00:00,SURFACE,ALIVE,15.0,60.0,0.0,91.6,0.0,0.0,0.3039584159851074,0.30295896530151367
2026-03-20T09:07:18.792828+00:00,SURFACE,ALIVE,20.0,60.0,0.0,92.1,0.0,0.0,0.4427926540374756,0.4427926540374756
2026-03-20T09:07:19.104475+00:00,SURFACE,ALIVE,25.0,60.0,0.0,92.6,0.0,0.0009975433349609375,0.31064915657043457,0.3116466999053955
2026-03-20T09:07:19.459855+00:00,SURFACE,ALIVE,30.0,60.0,0.0,93.1,0.0,0.0012555122375488281,0.3541254997253418,0.3543834686279297
2026-03-20T09:07:19.740000+00:00,SURFACE,ALIVE,35.0,60.0,0.0,93.6,0.0,0.0,0.28139257431030273,0.2801370620727539
2026-03-20T09:07:20.030825+00:00,SURFACE,ALIVE,40.0,60.0,0.0,94.1,0.0,0.0,0.29082655906677246,0.29082655906677246
2026-03-20T09:07:20.295915+00:00,SURFACE,ALIVE,45.0,60.0,0.0,94.6,0.0,0.0,0.2640814781188965,0.2640814781188965
2026-03-20T09:07:20.613414+00:00,SURFACE,ALIVE,50.0,60.0,0.0,95.1,0.0,0.0,0.31951069831848145,0.31951069831848145
2026-03-20T09:07:20.894467+00:00,SURFACE,ALIVE,55.0,60.0,0.0,95.6,0.0,0.0,0.2810530662536621,0.2810530662536621
2026-03-20T09:07:21.167508+00:00,SURFACE,ALIVE,60.0,60.0,0.0,96.1,0.0,0.0,0.273040771484375,0.273040771484375
2026-03-20T09:07:21.443644+00:00,SURFACE,ALIVE,65.0,60.0,0.0,96.6,0.0,0.0020439624786376953,0.2740929126739502,0.2761368751525879
2026-03-20T09:07:21.714442+00:00,SURFACE,ALIVE,70.0,60.0,0.0,97.1,0.0,0.0020084381103515625,0.27083325386047363,0.2707977294921875
2026-03-20T09:07:21.982111+00:00,SURFACE,ALIVE,75.0,60.0,0.0,97.6,0.0,0.0,0.2686805725097656,0.26667213439941406
2026-03-20T09:07:22.242512+00:00,SURFACE,ALIVE,80.0,60.0,0.0,98.1,0.0,0.0,0.2613973617553711,0.2613973617553711
2026-03-20T09:07:22.487990+00:00,SURFACE,ALIVE,85.0,60.0,0.0,98.6,0.0,0.0,0.24547863006591797,0.24547863006591797
2026-03-20T09:07:22.749033+00:00,SURFACE,ALIVE,90.0,60.0,0.0,99.1,0.0,0.0009968280792236328,0.26004576683044434,0.26104259490966797
2026-03-20T09:07:23.028991+00:00,SURFACE,ALIVE,95.0,60.0,0.0,99.6,0.0,0.0,0.2789452075958252,0.27794837951660156
2026-03-20T09:07:23.270861+00:00,SURFACE,ALIVE,100.0,60.0,0.0,100.0,0.0,0.0,0.2438797950744629,0.2438797950744629
2026-03-20T09:07:23.535273+00:00,SURFACE,ALIVE,105.0,60.0,0.0,100.0,0.0,0.0,0.26441216468811035,0.26441216468811035
2026-03-20T09:07:23.815547+00:00,SURFACE,ALIVE,110.0,65.0,0.0,100.5,0.0,0.0,0.2802734375,0.2802734375
2026-03-20T09:07:24.095696+00:00,SURFACE,ALIVE,105.0,65.0,0.0,100.5,0.0,0.0,0.27814221382141113,0.27814221382141113
2026-03-20T09:07:24.371697+00:00,SURFACE,ALIVE,100.0,65.0,0.0,100.5,0.0,0.0020074844360351562,0.2760002613067627,0.27800774574279785
2026-03-20T09:07:24.649943+00:00,SURFACE,ALIVE,95.0,65.0,0.0,100.9,0.0,0.0,0.28025364875793457,0.2782461643218994
2026-03-20T09:07:24.923152+00:00,SURFACE,ALIVE,90.0,65.0,0.0,101.4,0.0,0.0009970664978027344,0.27221226692199707,0.2732093334197998
2026-03-20T09:07:25.187877+00:00,SURFACE,ALIVE,85.0,65.0,0.0,101.9,0.0,0.0,0.26572155952453613,0.2647244930267334
2026-03-20T09:07:25.442045+00:00,SURFACE,ALIVE,80.0,65.0,0.0,102.4,0.0,0.0,0.2541687488555908,0.2541687488555908
2026-03-20T09:07:25.718423+00:00,SURFACE,ALIVE,75.0,65.0,0.0,102.9,0.0,0.002008199691772461,0.2743690013885498,0.27637720108032227
2026-03-20T09:07:25.982413+00:00,SURFACE,ALIVE,70.0,65.0,0.0,103.4,0.0,0.0,0.26599836349487305,0.2639901638031006
2026-03-20T09:07:26.235985+00:00,SURFACE,ALIVE,65.0,65.0,0.0,103.9,0.0,0.000997304916381836,0.25157785415649414,0.252575159072876
2026-03-20T09:07:26.502159+00:00,SURFACE,ALIVE,60.0,65.0,0.0,104.4,0.0,0.0,0.26816797256469727,0.26717066764831543
2026-03-20T09:07:26.754857+00:00,SURFACE,ALIVE,55.0,65.0,0.0,104.9,0.0,0.0,0.2526986598968506,0.2526986598968506
2026-03-20T09:07:27.031945+00:00,SURFACE,ALIVE,50.0,65.0,0.0,105.4,0.0,0.0,0.2770881652832031,0.2770881652832031
2026-03-20T09:07:27.304718+00:00,SURFACE,ALIVE,45.0,65.0,0.0,105.9,0.0,0.0,0.2707655429840088,0.2707655429840088
2026-03-20T09:07:27.565750+00:00,SURFACE,ALIVE,40.0,65.0,0.0,106.4,0.0,0.0,0.26303887367248535,0.26303887367248535
2026-03-20T09:07:27.849450+00:00,SURFACE,ALIVE,35.0,65.0,0.0,106.9,0.0,0.002008199691772461,0.2816920280456543,0.28370022773742676
2026-03-20T09:07:28.626220+00:00,SURFACE,ALIVE,30.0,65.0,0.0,107.4,0.0,0.0009975433349609375,0.7777807712554932,0.7767701148986816
2026-03-20T09:07:29.120558+00:00,SURFACE,ALIVE,25.0,65.0,0.0,107.9,0.0,0.0,0.494337797164917,0.49334025382995605
2026-03-20T09:07:29.506678+00:00,SURFACE,ALIVE,20.0,65.0,0.0,108.4,0.0,0.0,0.387117862701416,0.387117862701416
2026-03-20T09:07:29.826423+00:00,SURFACE,ALIVE,15.0,65.0,0.0,108.9,0.0,0.0009975433349609375,0.31874704360961914,0.3197445869445801
2026-03-20T09:07:30.176204+00:00,SURFACE,ALIVE,10.0,70.0,0.0,109.4,0.0,0.000997781753540039,0.3487839698791504,0.3487842082977295
2026-03-20T09:07:30.520498+00:00,SURFACE,ALIVE,15.0,70.0,0.0,109.9,0.0,0.0,0.34628820419311523,0.3452904224395752
2026-03-20T09:07:30.813251+00:00,SURFACE,ALIVE,20.0,70.0,0.0,110.4,0.0,0.0,0.29175615310668945,0.29175615310668945
2026-03-20T09:07:31.101550+00:00,SURFACE,ALIVE,25.0,70.0,0.0,110.9,0.0,0.0,0.28728675842285156,0.28728675842285156
2026-03-20T09:07:31.352620+00:00,SURFACE,ALIVE,30.0,70.0,0.0,111.4,0.0,0.0,0.25208258628845215,0.25208258628845215
2026-03-20T09:07:31.627221+00:00,SURFACE,ALIVE,35.0,70.0,0.0,111.9,0.0,0.0010039806365966797,0.2745938301086426,0.27559781074523926
2026-03-20T09:07:31.918437+00:00,SURFACE,ALIVE,40.0,70.0,0.0,112.4,0.0,0.0,0.2922205924987793,0.2912166118621826
2026-03-20T09:07:32.189770+00:00,SURFACE,ALIVE,45.0,70.0,0.0,112.9,0.0,0.0020074844360351562,0.26932501792907715,0.2713325023651123
2026-03-20T09:07:32.470289+00:00,SURFACE,ALIVE,50.0,70.0,0.0,113.4,0.0,0.0,0.28252649307250977,0.2805190086364746
2026-03-20T09:07:32.743126+00:00,SURFACE,ALIVE,55.0,70.0,0.0,113.9,0.0,0.0,0.2695581912994385,0.2695581912994385
2026-03-20T09:07:33.026944+00:00,SURFACE,ALIVE,60.0,70.0,0.0,114.4,0.0,0.0010006427764892578,0.28609681129455566,0.2870974540710449
2026-03-20T09:07:33.286931+00:00,SURFACE,ALIVE,65.0,70.0,0.0,114.9,0.0,0.0,0.2609872817993164,0.25998663902282715
2026-03-20T09:07:33.551024+00:00,SURFACE,ALIVE,70.0,70.0,0.0,115.4,0.0,0.0,0.26409244537353516,0.26409244537353516
2026-03-20T09:07:33.824618+00:00,SURFACE,ALIVE,75.0,70.0,0.0,115.9,0.0,0.0,0.27359461784362793,0.27359461784362793
2026-03-20T09:07:34.095751+00:00,SURFACE,ALIVE,80.0,70.0,0.0,116.4,0.0,0.002007007598876953,0.26912546157836914,0.2711324691772461
2026-03-20T09:07:34.346526+00:00,SURFACE,ALIVE,85.0,70.0,0.0,116.9,0.0,0.002007007598876953,0.2507750988006592,0.2507750988006592
2026-03-20T09:07:34.630791+00:00,SURFACE,ALIVE,90.0,70.0,0.0,117.4,0.0,0.000997304916381836,0.2852749824523926,0.28426527976989746
2026-03-20T09:07:34.868973+00:00,SURFACE,ALIVE,95.0,70.0,0.0,117.9,0.0,0.0,0.23917865753173828,0.23818135261535645
2026-03-20T09:07:35.182406+00:00,SURFACE,ALIVE,100.0,70.0,0.0,118.3,0.0,0.0,0.31142568588256836,0.31142568588256836
2026-03-20T09:07:35.462156+00:00,SURFACE,ALIVE,105.0,70.0,0.0,118.3,0.0,0.0,0.2733795642852783,0.2733795642852783
2026-03-20T09:07:35.724562+00:00,SURFACE,ALIVE,110.0,75.0,0.0,118.8,0.0,0.0,0.2707839012145996,0.2707839012145996
2026-03-20T09:07:35.987235+00:00,SURFACE,ALIVE,105.0,75.0,0.0,118.8,0.0,0.0,0.26267337799072266,0.26267337799072266
2026-03-20T09:07:36.305011+00:00,SURFACE,ALIVE,100.0,75.0,0.0,118.8,0.0,0.0,0.3177757263183594,0.3177757263183594
2026-03-20T09:07:36.583518+00:00,SURFACE,ALIVE,95.0,75.0,0.0,119.2,0.0,0.0,0.2785069942474365,0.2785069942474365
2026-03-20T09:07:36.865811+00:00,SURFACE,ALIVE,90.0,75.0,0.0,119.7,0.0,0.0,0.2812991142272949,0.2812991142272949
2026-03-20T09:07:37.133221+00:00,SURFACE,ALIVE,85.0,75.0,0.0,120.2,0.0,0.0020074844360351562,0.26639676094055176,0.2684042453765869
2026-03-20T09:07:37.424752+00:00,SURFACE,ALIVE,80.0,75.0,0.0,120.7,0.0,0.0009961128234863281,0.2915456295013428,0.29053425788879395
2026-03-20T09:07:37.713341+00:00,SURFACE,ALIVE,75.0,75.0,0.0,121.2,0.0,0.000993967056274414,0.28958773612976074,0.28958559036254883
2026-03-20T09:07:38.016350+00:00,SURFACE,ALIVE,70.0,75.0,0.0,121.7,0.0,0.0010313987731933594,0.3023672103881836,0.30240464210510254
2026-03-20T09:07:38.279661+00:00,SURFACE,ALIVE,65.0,75.0,0.0,122.2,0.0,0.0,0.2639496326446533,0.26291823387145996
2026-03-20T09:07:38.581518+00:00,SURFACE,ALIVE,60.0,75.0,0.0,122.7,0.0,0.0,0.30185651779174805,0.30185651779174805
2026-03-20T09:07:38.851903+00:00,SURFACE,ALIVE,55.0,75.0,0.0,123.2,0.0,0.0009970664978027344,0.2703857421875,0.27138280868530273
2026-03-20T09:07:39.140988+00:00,SURFACE,ALIVE,50.0,75.0,0.0,123.7,0.0,0.0020072460174560547,0.288074254989624,0.28908443450927734
2026-03-20T09:07:39.454274+00:00,SURFACE,ALIVE,45.0,75.0,0.0,124.2,0.0,0.0009970664978027344,0.31329846382141113,0.3122882843017578
2026-03-20T09:07:40.012529+00:00,SURFACE,ALIVE,40.0,75.0,0.0,124.7,0.0,0.0,0.5592525005340576,0.5582554340362549
2026-03-20T09:07:40.353969+00:00,SURFACE,ALIVE,35.0,75.0,0.0,125.2,0.0,0.0,0.3424379825592041,0.3424379825592041
2026-03-20T09:07:40.711408+00:00,SURFACE,ALIVE,30.0,75.0,0.0,125.7,0.0,0.0,0.35543084144592285,0.35543084144592285
2026-03-20T09:07:41.027307+00:00,SURFACE,ALIVE,25.0,75.0,0.0,126.2,0.0,0.0009963512420654297,0.31591105461120605,0.3169074058532715
2026-03-20T09:07:41.347318+00:00,SURFACE,ALIVE,20.0,75.0,0.0,126.7,0.0,0.0009963512420654297,0.32101011276245117,0.32101011276245117
2026-03-20T09:07:41.656621+00:00,SURFACE,ALIVE,15.0,75.0,0.0,127.2,0.0,0.000997781753540039,0.30930137634277344,0.30930280685424805
2026-03-20T09:07:42.206158+00:00,SURFACE,ALIVE,10.0,80.0,0.0,127.7,0.0,0.0,0.5485258102416992,0.5475280284881592
2026-03-20T09:07:42.628208+00:00,SURFACE,ALIVE,15.0,80.0,0.0,128.2,0.0,0.0010013580322265625,0.4218780994415283,0.4228794574737549
2026-03-20T09:07:42.956223+00:00,SURFACE,ALIVE,20.0,80.0,0.0,128.7,0.0,0.0,0.3301966190338135,0.3291952610015869
2026-03-20T09:07:43.339227+00:00,SURFACE,ALIVE,25.0,80.0,0.0,129.2,0.0,0.0,0.38300371170043945,0.38300371170043945
2026-03-20T09:07:43.677347+00:00,SURFACE,ALIVE,30.0,80.0,0.0,129.7,0.0,0.0,0.33712196350097656,0.33712196350097656
2026-03-20T09:07:43.993153+00:00,SURFACE,ALIVE,35.0,80.0,0.0,130.2,0.0,0.0,0.3158071041107178,0.3158071041107178
2026-03-20T09:07:44.313967+00:00,SURFACE,ALIVE,40.0,80.0,0.0,130.7,0.0,0.0009970664978027344,0.3208134174346924,0.3218104839324951
2026-03-20T09:07:44.649373+00:00,SURFACE,ALIVE,45.0,80.0,0.0,131.2,0.0,0.0014235973358154297,0.3339829444885254,0.3344094753265381
2026-03-20T09:07:45.011630+00:00,SURFACE,ALIVE,50.0,80.0,0.0,131.7,0.0,0.0010058879852294922,0.362837553024292,0.36241984367370605
2026-03-20T09:07:45.325465+00:00,SURFACE,ALIVE,55.0,80.0,0.0,132.2,0.0,0.000997304916381836,0.31467771530151367,0.314669132232666
2026-03-20T09:07:45.642969+00:00,SURFACE,ALIVE,60.0,80.0,0.0,132.7,0.0,0.0009958744049072266,0.3175058364868164,0.3175044059753418
2026-03-20T09:07:45.964196+00:00,SURFACE,ALIVE,65.0,80.0,0.0,133.2,0.0,0.0009970664978027344,0.3212258815765381,0.3212270736694336
2026-03-20T09:07:46.279889+00:00,SURFACE,ALIVE,70.0,80.0,0.0,133.7,0.0,0.0009632110595703125,0.31572628021240234,0.3156924247741699
2026-03-20T09:07:46.604531+00:00,SURFACE,ALIVE,75.0,80.0,0.0,134.2,0.0,0.0,0.3235971927642822,0.3226339817047119
2026-03-20T09:07:46.929737+00:00,SURFACE,ALIVE,80.0,80.0,0.0,134.7,0.0,0.0020079612731933594,0.32520556449890137,0.3272135257720947
2026-03-20T09:07:47.245416+00:00,SURFACE,ALIVE,85.0,80.0,0.0,135.2,0.0,0.000997304916381836,0.31668996810913086,0.31567931175231934
2026-03-20T09:07:47.575152+00:00,SURFACE,ALIVE,90.0,80.0,0.0,135.7,0.0,0.000997304916381836,0.32973599433898926,0.32973599433898926
2026-03-20T09:07:47.912561+00:00,SURFACE,ALIVE,95.0,80.0,0.0,136.2,0.0,0.0009970664978027344,0.33740997314453125,0.33740973472595215
2026-03-20T09:07:48.335672+00:00,SURFACE,ALIVE,100.0,80.0,0.0,136.6,0.0,0.0,0.42209887504577637,0.42110180854797363
2026-03-20T09:07:48.694153+00:00,SURFACE,ALIVE,105.0,80.0,0.0,136.6,0.0,0.0,0.35869932174682617,0.35869932174682617
2026-03-20T09:07:49.090562+00:00,SURFACE,ALIVE,110.0,85.0,0.0,137.1,0.0,0.0009970664978027344,0.397202730178833,0.39819979667663574
2026-03-20T09:07:49.423960+00:00,SURFACE,ALIVE,105.0,85.0,0.0,137.1,0.0,0.0020093917846679688,0.332385778427124,0.33339810371398926
2026-03-20T09:07:49.768376+00:00,SURFACE,ALIVE,100.0,85.0,0.0,137.1,0.0,0.0016961097717285156,0.343735933303833,0.34342265129089355
2026-03-20T09:07:50.101933+00:00,SURFACE,ALIVE,95.0,85.0,0.0,137.5,0.0,0.0009963512420654297,0.3352491855621338,0.3345494270324707
2026-03-20T09:07:50.516767+00:00,SURFACE,ALIVE,90.0,85.0,0.0,138.0,0.0,0.0009970664978027344,0.41483354568481445,0.41483426094055176
2026-03-20T09:07:50.865519+00:00,SURFACE,ALIVE,85.0,85.0,0.0,138.5,0.0,0.0020096302032470703,0.34773921966552734,0.3487517833709717
2026-03-20T09:07:51.248991+00:00,SURFACE,ALIVE,80.0,85.0,0.0,139.0,0.0,0.0,0.3854820728302002,0.3834724426269531
2026-03-20T09:07:51.580316+00:00,SURFACE,ALIVE,75.0,85.0,0.0,139.5,0.0,0.0,0.3293161392211914,0.3293161392211914
2026-03-20T09:07:51.922697+00:00,SURFACE,ALIVE,70.0,85.0,0.0,140.0,0.0,0.0,0.34339261054992676,0.34339261054992676
2026-03-20T09:07:52.272989+00:00,SURFACE,ALIVE,65.0,85.0,0.0,140.5,0.0,0.0009965896606445312,0.34929633140563965,0.3502929210662842
2026-03-20T09:07:52.642355+00:00,SURFACE,ALIVE,60.0,85.0,0.0,141.0,0.0,0.002009868621826172,0.36934852600097656,0.3703618049621582
2026-03-20T09:07:53.014609+00:00,SURFACE,ALIVE,55.0,85.0,0.0,141.5,0.0,0.0,0.3742644786834717,0.3722546100616455
2026-03-20T09:07:53.344905+00:00,SURFACE,ALIVE,50.0,85.0,0.0,142.0,0.0,0.0,0.33029603958129883,0.33029603958129883
2026-03-20T09:07:53.709292+00:00,SURFACE,ALIVE,45.0,85.0,0.0,142.5,0.0,0.0,0.3623788356781006,0.3623788356781006
2026-03-20T09:07:54.026040+00:00,SURFACE,ALIVE,40.0,85.0,0.0,143.0,0.0,0.0020112991333007812,0.316744327545166,0.3187556266784668
2026-03-20T09:07:54.377257+00:00,SURFACE,ALIVE,35.0,85.0,0.0,143.5,0.0,0.0,0.3522310256958008,0.3502197265625
2026-03-20T09:07:54.739974+00:00,SURFACE,ALIVE,30.0,85.0,0.0,144.0,0.0,0.0010066032409667969,0.36171603202819824,0.36272263526916504
2026-03-20T09:07:55.104473+00:00,SURFACE,ALIVE,25.0,85.0,0.0,144.5,0.0,0.0,0.36475610733032227,0.36374950408935547
2026-03-20T09:07:55.442753+00:00,SURFACE,ALIVE,20.0,85.0,0.0,145.0,0.0,0.0038754940032958984,0.33514928817749023,0.33902478218078613
2026-03-20T09:07:55.799245+00:00,SURFACE,ALIVE,15.0,85.0,0.0,145.5,0.0,0.0009984970092773438,0.3603653907775879,0.35748839378356934
2026-03-20T09:07:56.109937+00:00,SURFACE,ALIVE,10.0,90.0,0.0,146.0,0.0,0.0,0.30968213081359863,0.3086836338043213
2026-03-20T09:07:56.464952+00:00,SURFACE,ALIVE,15.0,90.0,0.0,146.5,0.0,0.0009975433349609375,0.3550293445587158,0.35602688789367676
2026-03-20T09:07:56.809776+00:00,SURFACE,ALIVE,20.0,90.0,0.0,147.0,0.0,0.002058267593383789,0.3447599411010742,0.34582066535949707
2026-03-20T09:07:57.148717+00:00,SURFACE,ALIVE,25.0,90.0,0.0,147.5,0.0,0.002008676528930664,0.3389904499053955,0.3389408588409424
2026-03-20T09:07:57.490079+00:00,SURFACE,ALIVE,30.0,90.0,0.0,148.0,0.0,0.0017409324645996094,0.3416295051574707,0.34136176109313965
2026-03-20T09:07:57.831565+00:00,SURFACE,ALIVE,35.0,90.0,0.0,148.5,0.0,0.000997781753540039,0.3412313461303711,0.3404881954193115
2026-03-20T09:07:58.149296+00:00,SURFACE,ALIVE,40.0,90.0,0.0,149.0,0.0,0.0009968280792236328,0.3177323341369629,0.3177313804626465
2026-03-20T09:07:58.486735+00:00,SURFACE,ALIVE,45.0,90.0,0.0,149.5,0.0,0.0,0.33742570877075195,0.3364288806915283
2026-03-20T09:07:58.873183+00:00,SURFACE,ALIVE,50.0,90.0,0.0,150.0,0.0,0.0,0.3884563446044922,0.3884563446044922
2026-03-20T09:07:59.251606+00:00,SURFACE,ALIVE,55.0,90.0,0.0,150.5,0.0,0.0009968280792236328,0.3774261474609375,0.37842297554016113
2026-03-20T09:07:59.608725+00:00,SURFACE,ALIVE,60.0,90.0,0.0,151.0,0.0,0.0,0.3571174144744873,0.35612058639526367
2026-03-20T09:07:59.949286+00:00,SURFACE,ALIVE,65.0,90.0,0.0,151.5,0.0,0.0,0.34155964851379395,0.34155964851379395
2026-03-20T09:08:00.297746+00:00,SURFACE,ALIVE,70.0,90.0,0.0,152.0,0.0,0.0020084381103515625,0.3464512825012207,0.34845972061157227
2026-03-20T09:08:00.675010+00:00,SURFACE,ALIVE,75.0,90.0,0.0,152.5,0.0,0.0,0.3792719841003418,0.37726354598999023
2026-03-20T09:08:01.073668+00:00,SURFACE,ALIVE,80.0,90.0,0.0,153.0,0.0,0.0,0.3966495990753174,0.3966495990753174
2026-03-20T09:08:01.427164+00:00,SURFACE,ALIVE,85.0,90.0,0.0,153.5,0.0,0.0,0.35349583625793457,0.35349583625793457
2026-03-20T09:08:01.861485+00:00,SURFACE,ALIVE,90.0,90.0,0.0,154.0,0.0,0.0020093917846679688,0.43431997299194336,0.43632936477661133
2026-03-20T09:08:02.185225+00:00,SURFACE,ALIVE,95.0,90.0,0.0,154.5,0.0,0.000997304916381836,0.3247523307800293,0.32374024391174316
2026-03-20T09:08:02.576426+00:00,SURFACE,ALIVE,100.0,90.0,0.0,154.9,0.0,0.0,0.3921988010406494,0.3912014961242676
2026-03-20T09:08:02.962228+00:00,SURFACE,ALIVE,105.0,90.0,0.0,154.9,0.0,0.0,0.384293794631958,0.384293794631958
2026-03-20T09:08:03.341918+00:00,SURFACE,ALIVE,110.0,95.0,0.0,155.4,0.0,0.0,0.3811976909637451,0.3811976909637451
2026-03-20T09:08:03.715852+00:00,SURFACE,ALIVE,105.0,95.0,0.0,155.4,0.0,0.0009965896606445312,0.3729379177093506,0.3739345073699951
2026-03-20T09:08:04.051731+00:00,SURFACE,ALIVE,100.0,95.0,0.0,155.4,0.0,0.0020084381103515625,0.3348667621612549,0.3358786106109619
2026-03-20T09:08:04.438326+00:00,SURFACE,ALIVE,95.0,95.0,0.0,155.8,0.0,0.0009987354278564453,0.3866081237792969,0.38559842109680176
2026-03-20T09:08:04.808327+00:00,SURFACE,ALIVE,90.0,95.0,0.0,156.3,0.0,0.0,0.3700544834136963,0.36905574798583984
2026-03-20T09:08:05.175568+00:00,SURFACE,ALIVE,85.0,95.0,0.0,156.8,0.0,0.0,0.369182825088501,0.369182825088501
2026-03-20T09:08:05.566869+00:00,SURFACE,ALIVE,80.0,95.0,0.0,157.3,0.0,0.0,0.3903043270111084,0.3903043270111084
2026-03-20T09:08:05.898569+00:00,SURFACE,ALIVE,75.0,95.0,0.0,157.8,0.0,0.0,0.33269691467285156,0.33269691467285156
2026-03-20T09:08:06.240156+00:00,SURFACE,ALIVE,70.0,95.0,0.0,158.3,0.0,0.0,0.3405907154083252,0.3405907154083252
2026-03-20T09:08:06.613043+00:00,SURFACE,ALIVE,65.0,95.0,0.0,158.8,0.0,0.0,0.3738832473754883,0.3738832473754883
2026-03-20T09:08:07.009492+00:00,SURFACE,ALIVE,60.0,95.0,0.0,159.3,0.0,0.002009868621826172,0.3944387435913086,0.39644861221313477
2026-03-20T09:08:07.350894+00:00,SURFACE,ALIVE,55.0,95.0,0.0,159.8,0.0,0.0,0.34209156036376953,0.34008169174194336
2026-03-20T09:08:07.706979+00:00,SURFACE,ALIVE,50.0,95.0,0.0,160.3,0.0,0.0,0.3574056625366211,0.3574056625366211
2026-03-20T09:08:08.049695+00:00,SURFACE,ALIVE,45.0,95.0,0.0,160.8,0.0,0.0009975433349609375,0.3417181968688965,0.3427157402038574
2026-03-20T09:08:08.389881+00:00,SURFACE,ALIVE,40.0,95.0,0.0,161.3,0.0,0.0009965896606445312,0.3391880989074707,0.3391871452331543
2026-03-20T09:08:08.734517+00:00,SURFACE,ALIVE,35.0,95.0,0.0,161.8,0.0,0.0,0.3451244831085205,0.344127893447876
2026-03-20T09:08:09.081086+00:00,SURFACE,ALIVE,30.0,95.0,0.0,162.3,0.0,0.000997781753540039,0.3460819721221924,0.3470797538757324
2026-03-20T09:08:09.415765+00:00,SURFACE,ALIVE,25.0,95.0,0.0,162.8,0.0,0.0020072460174560547,0.33466577529907227,0.3356752395629883
2026-03-20T09:08:09.747642+00:00,SURFACE,ALIVE,20.0,95.0,0.0,163.3,0.0,0.0,0.3318753242492676,0.3298680782318115
2026-03-20T09:08:10.056714+00:00,SURFACE,ALIVE,15.0,95.0,0.0,163.8,0.0,0.0,0.3090400695800781,0.3090400695800781
2026-03-20T09:08:10.397558+00:00,SURFACE,ALIVE,10.0,100.0,0.0,164.3,0.0,0.000997304916381836,0.3408827781677246,0.34188008308410645
2026-03-20T09:08:10.750591+00:00,SURFACE,ALIVE,15.0,100.0,0.0,164.8,0.0,0.0,0.3530275821685791,0.35203027725219727
2026-03-20T09:08:11.089985+00:00,SURFACE,ALIVE,20.0,100.0,0.0,165.3,0.0,0.0020084381103515625,0.33939290046691895,0.3414013385772705
2026-03-20T09:08:11.435730+00:00,SURFACE,ALIVE,25.0,100.0,0.0,165.8,0.0,0.0,0.34775400161743164,0.3457455635070801
2026-03-20T09:08:11.767458+00:00,SURFACE,ALIVE,30.0,100.0,0.0,166.3,0.0,0.0,0.32971930503845215,0.32971930503845215
2026-03-20T09:08:12.190666+00:00,SURFACE,ALIVE,35.0,100.0,0.0,166.8,0.0,0.0,0.42320799827575684,0.42320799827575684
2026-03-20T09:08:12.609166+00:00,SURFACE,ALIVE,40.0,100.0,0.0,167.3,0.0,0.0020096302032470703,0.4184987545013428,0.42050838470458984
2026-03-20T09:08:13.000989+00:00,SURFACE,ALIVE,45.0,100.0,0.0,167.8,0.0,0.0,0.392836332321167,0.3908267021179199
2026-03-20T09:08:13.337152+00:00,SURFACE,ALIVE,50.0,100.0,0.0,168.3,0.0,0.0020072460174560547,0.33515167236328125,0.3371589183807373
2026-03-20T09:08:13.713802+00:00,SURFACE,ALIVE,55.0,100.0,0.0,168.8,0.0,0.0,0.37865734100341797,0.3766500949859619
2026-03-20T09:08:14.023260+00:00,SURFACE,ALIVE,60.0,100.0,0.0,169.3,0.0,0.0009970664978027344,0.30846095085144043,0.30945801734924316
2026-03-20T09:08:14.380557+00:00,SURFACE,ALIVE,65.0,100.0,0.0,169.8,0.0,0.0009965896606445312,0.3572976589202881,0.3572971820831299
2026-03-20T09:08:14.728144+00:00,SURFACE,ALIVE,70.0,100.0,0.0,170.3,0.0,0.0005431175231933594,0.3480405807495117,0.34758710861206055
2026-03-20T09:08:15.082228+00:00,SURFACE,ALIVE,75.0,100.0,0.0,170.8,0.0,0.0,0.35362982749938965,0.3530867099761963
2026-03-20T09:08:15.414436+00:00,SURFACE,ALIVE,80.0,100.0,0.0,171.3,0.0,0.0,0.3332054615020752,0.3332054615020752
2026-03-20T09:08:15.780155+00:00,SURFACE,ALIVE,85.0,100.0,0.0,171.8,0.0,0.000997304916381836,0.36472153663635254,0.3657188415527344
2026-03-20T09:08:16.101073+00:00,SURFACE,ALIVE,90.0,100.0,0.0,172.3,0.0,0.0,0.31990623474121094,0.3189089298248291
2026-03-20T09:08:16.444998+00:00,SURFACE,ALIVE,95.0,100.0,0.0,172.8,0.0,0.0009961128234863281,0.3449373245239258,0.3459334373474121
2026-03-20T09:08:16.791148+00:00,SURFACE,ALIVE,100.0,100.0,0.0,173.2,0.0,0.002010345458984375,0.3451361656188965,0.34615039825439453
2026-03-20T09:08:17.153048+00:00,SURFACE,ALIVE,105.0,100.0,0.0,173.2,0.0,0.0,0.3629128932952881,0.3609025478363037
2026-03-20T09:08:17.504329+00:00,SURFACE,ALIVE,110.0,105.0,0.0,173.2,0.0,0.002007722854614258,0.35027074813842773,0.352278470993042
2026-03-20T09:08:17.873627+00:00,SURFACE,ALIVE,105.0,105.0,0.0,173.2,0.0,0.0,0.3713059425354004,0.36929821968078613
2026-03-20T09:08:18.233531+00:00,SURFACE,ALIVE,100.0,105.0,0.0,173.2,0.0,0.0,0.35890722274780273,0.35890722274780273
2026-03-20T09:08:18.733510+00:00,SURFACE,ALIVE,95.0,105.0,0.0,173.2,0.0,0.0020148754119873047,0.4989609718322754,0.5009758472442627
2026-03-20T09:08:19.239523+00:00,SURFACE,ALIVE,90.0,105.0,0.0,173.2,0.0,0.0,0.5080275535583496,0.5060126781463623
2026-03-20T09:08:19.673939+00:00,SURFACE,ALIVE,85.0,105.0,0.0,173.2,0.0,0.0009965896606445312,0.43341994285583496,0.4344165325164795
2026-03-20T09:08:20.084899+00:00,SURFACE,ALIVE,80.0,105.0,0.0,173.2,0.0,0.0021011829376220703,0.40886473655700684,0.4099693298339844
2026-03-20T09:08:20.512556+00:00,SURFACE,ALIVE,75.0,105.0,0.0,173.2,0.0,0.0010077953338623047,0.42974114418029785,0.4286477565765381
2026-03-20T09:08:20.907891+00:00,SURFACE,ALIVE,70.0,105.0,0.0,173.2,0.0,0.0,0.39634227752685547,0.39533448219299316
2026-03-20T09:08:21.304229+00:00,SURFACE,ALIVE,65.0,105.0,0.0,173.2,0.0,0.0,0.39432835578918457,0.39432835578918457
2026-03-20T09:08:21.698951+00:00,SURFACE,ALIVE,60.0,105.0,0.0,173.2,0.0,0.0009970664978027344,0.39473581314086914,0.3957328796386719
2026-03-20T09:08:22.139043+00:00,SURFACE,ALIVE,55.0,105.0,0.0,173.2,0.0,0.000997781753540039,0.44109034538269043,0.44109106063842773
2026-03-20T09:08:22.537275+00:00,SURFACE,ALIVE,50.0,105.0,0.0,173.2,0.0,0.002054929733276367,0.397174596786499,0.39823174476623535
2026-03-20T09:08:22.964981+00:00,SURFACE,ALIVE,45.0,105.0,0.0,173.2,0.0,0.0009975433349609375,0.42876315116882324,0.4277057647705078
2026-03-20T09:08:23.354283+00:00,SURFACE,ALIVE,40.0,105.0,0.0,173.2,0.0,0.0020084381103515625,0.3882911205291748,0.38930201530456543
2026-03-20T09:08:23.765966+00:00,SURFACE,ALIVE,35.0,105.0,0.0,173.2,0.0,0.0020093917846679688,0.4116828441619873,0.4116837978363037
2026-03-20T09:08:24.135439+00:00,SURFACE,ALIVE,30.0,105.0,0.0,173.2,0.0,0.002182483673095703,0.36316847801208496,0.3633415699005127
2026-03-20T09:08:24.496550+00:00,SURFACE,ALIVE,25.0,105.0,0.0,173.2,0.0,0.0,0.3674163818359375,0.3652338981628418
2026-03-20T09:08:24.917039+00:00,SURFACE,ALIVE,20.0,105.0,0.0,173.2,0.0,0.0009975433349609375,0.42149972915649414,0.4224972724914551
2026-03-20T09:08:25.299569+00:00,SURFACE,ALIVE,15.0,105.0,0.0,173.2,0.0,0.0,0.3815181255340576,0.3805205821990967
2026-03-20T09:08:25.682972+00:00,SURFACE,ALIVE,10.0,110.0,0.0,173.2,0.0,0.0,0.38340139389038086,0.38340139389038086
2026-03-20T09:08:26.015090+00:00,SURFACE,ALIVE,15.0,110.0,0.0,173.2,0.0,0.0,0.3321199417114258,0.3321199417114258
2026-03-20T09:08:26.354725+00:00,SURFACE,ALIVE,20.0,110.0,0.0,173.2,0.0,0.0020139217376708984,0.3396298885345459,0.3416438102722168
2026-03-20T09:08:26.759241+00:00,SURFACE,ALIVE,25.0,110.0,0.0,173.2,0.0,0.0009970664978027344,0.4055330753326416,0.40451622009277344
2026-03-20T09:08:27.141411+00:00,SURFACE,ALIVE,30.0,110.0,0.0,173.2,0.0,0.0,0.3831667900085449,0.3821697235107422
2026-03-20T09:08:27.520738+00:00,SURFACE,ALIVE,35.0,110.0,0.0,173.2,0.0,0.0006372928619384766,0.37766528129577637,0.37830257415771484
2026-03-20T09:08:27.888536+00:00,SURFACE,ALIVE,40.0,110.0,0.0,173.2,0.0,0.0,0.3694601058959961,0.3688228130340576
2026-03-20T09:08:28.274343+00:00,SURFACE,ALIVE,45.0,110.0,0.0,173.2,0.0,0.0009970664978027344,0.384810209274292,0.3858072757720947
2026-03-20T09:08:28.628177+00:00,SURFACE,ALIVE,50.0,110.0,0.0,173.2,0.0,0.0020079612731933594,0.35282230377197266,0.3538331985473633
2026-03-20T09:08:28.966561+00:00,SURFACE,ALIVE,55.0,110.0,0.0,173.2,0.0,0.0,0.33838367462158203,0.33637571334838867
2026-03-20T09:08:29.300122+00:00,SURFACE,ALIVE,60.0,110.0,0.0,173.2,0.0,0.0,0.33456921577453613,0.33456921577453613
2026-03-20T09:08:29.623907+00:00,SURFACE,ALIVE,65.0,110.0,0.0,173.2,0.0,0.0011255741119384766,0.32366013526916504,0.3247857093811035
2026-03-20T09:08:29.925993+00:00,SURFACE,ALIVE,70.0,110.0,0.0,173.2,0.0,0.0,0.30120372772216797,0.3000781536102295
2026-03-20T09:08:30.255439+00:00,SURFACE,ALIVE,75.0,110.0,0.0,173.2,0.0,0.0,0.330456018447876,0.330456018447876
2026-03-20T09:08:30.623827+00:00,SURFACE,ALIVE,80.0,110.0,0.0,173.2,0.0,0.0,0.3675084114074707,0.3675084114074707
2026-03-20T09:08:30.962824+00:00,SURFACE,ALIVE,85.0,110.0,0.0,173.2,0.0,0.0,0.3398768901824951,0.3398768901824951
2026-03-20T09:08:31.313282+00:00,SURFACE,ALIVE,90.0,110.0,0.0,173.2,0.0,0.0009970664978027344,0.3494601249694824,0.35045719146728516
2026-03-20T09:08:31.612414+00:00,SURFACE,ALIVE,95.0,110.0,0.0,173.2,0.0,0.0022127628326416016,0.29891419410705566,0.30012989044189453
2026-03-20T09:08:31.915003+00:00,SURFACE,ALIVE,100.0,110.0,0.0,173.2,0.0,0.0,0.30480146408081055,0.30258870124816895
2026-03-20T09:08:32.222724+00:00,SURFACE,ALIVE,105.0,110.0,0.0,173.2,0.0,0.0,0.3077216148376465,0.3077216148376465
2026-03-20T09:08:32.590311+00:00,UNDERWATER,ALIVE,110.0,110.0,-8.0,173.2,0.1,0.0020096302032470703,0.36557722091674805,0.3675868511199951
2026-03-20T09:08:33.564315+00:00,UNDERWATER,ALIVE,105.0,110.0,-8.0,173.2,0.1,0.0,0.9740066528320312,0.9719970226287842
2026-03-20T09:08:33.817220+00:00,UNDERWATER,ALIVE,100.0,110.0,-8.0,173.2,0.1,0.0,0.2531709671020508,0.2531709671020508
2026-03-20T09:08:34.082145+00:00,UNDERWATER,ALIVE,95.0,110.0,-8.0,173.2,0.5,0.0,0.26465797424316406,0.26465797424316406
2026-03-20T09:08:34.390505+00:00,UNDERWATER,ALIVE,90.0,110.0,-8.0,173.2,1.0,0.0009970664978027344,0.30837297439575195,0.3093700408935547
2026-03-20T09:08:34.698884+00:00,UNDERWATER,ALIVE,85.0,110.0,-8.0,173.2,1.5,0.0,0.31037425994873047,0.30937719345092773
2026-03-20T09:08:35.046791+00:00,UNDERWATER,ALIVE,80.0,110.0,-8.0,173.2,2.0,0.0014467239379882812,0.3460996150970459,0.3475463390350342
2026-03-20T09:08:35.319699+00:00,UNDERWATER,ALIVE,80.0,110.0,-8.0,173.2,2.0,0.0,0.27471494674682617,0.2732682228088379
2026-03-20T09:08:35.603464+00:00,UNDERWATER,ALIVE,75.0,110.0,-8.0,173.2,2.5,0.0,0.2817564010620117,0.2817564010620117
2026-03-20T09:08:35.870891+00:00,UNDERWATER,ALIVE,70.0,110.0,-8.0,173.2,3.0,0.0009982585906982422,0.26843762397766113,0.2694358825683594
2026-03-20T09:08:36.135208+00:00,UNDERWATER,ALIVE,65.0,110.0,-8.0,173.2,3.5,0.0,0.2633073329925537,0.26230907440185547
2026-03-20T09:08:36.479916+00:00,UNDERWATER,ALIVE,60.0,110.0,-8.0,173.2,4.0,0.0,0.34671616554260254,0.34671616554260254
2026-03-20T09:08:36.784414+00:00,UNDERWATER,ALIVE,55.0,110.0,-8.0,173.2,4.5,0.0,0.30449819564819336,0.30449819564819336
2026-03-20T09:08:37.076042+00:00,UNDERWATER,ALIVE,50.0,110.0,-8.0,173.2,5.0,0.0,0.28961896896362305,0.28961896896362305
2026-03-20T09:08:37.386861+00:00,UNDERWATER,ALIVE,45.0,110.0,-8.0,173.2,5.5,0.000997781753540039,0.3108327388763428,0.3118305206298828
2026-03-20T09:08:37.657765+00:00,UNDERWATER,ALIVE,40.0,110.0,-8.0,173.2,6.0,0.0009968280792236328,0.27190208435058594,0.27190113067626953
2026-03-20T09:08:37.920037+00:00,UNDERWATER,ALIVE,35.0,110.0,-8.0,173.2,6.5,0.0,0.26326918601989746,0.26227235794067383
2026-03-20T09:08:38.201110+00:00,UNDERWATER,ALIVE,30.0,110.0,-8.0,173.2,7.0,0.0020089149475097656,0.2790639400482178,0.28107285499572754
2026-03-20T09:08:38.524460+00:00,UNDERWATER,ALIVE,25.0,110.0,-8.0,173.2,7.5,0.0,0.32404661178588867,0.3220376968383789
2026-03-20T09:08:38.829095+00:00,UNDERWATER,ALIVE,20.0,110.0,-8.0,173.2,8.0,0.0,0.3049502372741699,0.3049502372741699
2026-03-20T09:08:39.163693+00:00,UNDERWATER,ALIVE,15.0,110.0,-8.0,173.2,8.5,0.0,0.33559513092041016,0.33559513092041016
2026-03-20T09:08:39.425421+00:00,UNDERWATER,ALIVE,10.0,105.0,-8.0,173.2,9.0,0.0009965896606445312,0.26073122024536133,0.26172780990600586
2026-03-20T09:08:39.684166+00:00,UNDERWATER,ALIVE,15.0,105.0,-8.0,173.2,9.0,0.000997781753540039,0.2587432861328125,0.258744478225708
2026-03-20T09:08:39.943127+00:00,UNDERWATER,ALIVE,20.0,105.0,-8.0,173.2,9.0,0.002008199691772461,0.2579505443572998,0.2589609622955322
2026-03-20T09:08:40.230514+00:00,UNDERWATER,ALIVE,25.0,105.0,-8.0,173.2,9.0,0.0009970664978027344,0.28839826583862305,0.2873871326446533
2026-03-20T09:08:40.570073+00:00,UNDERWATER,ALIVE,30.0,105.0,-8.0,173.2,9.0,0.000997304916381836,0.3385617733001709,0.33856201171875
2026-03-20T09:08:40.863075+00:00,UNDERWATER,ALIVE,35.0,105.0,-8.0,173.2,9.0,0.0,0.2949965000152588,0.29399919509887695
2026-03-20T09:08:41.173943+00:00,UNDERWATER,ALIVE,40.0,105.0,-8.0,173.2,9.0,0.002009153366088867,0.30885863304138184,0.3108677864074707
2026-03-20T09:08:41.456512+00:00,UNDERWATER,ALIVE,45.0,105.0,-8.0,173.2,9.0,0.0,0.28257083892822266,0.2805616855621338
2026-03-20T09:08:41.723435+00:00,UNDERWATER,ALIVE,50.0,105.0,-8.0,173.2,9.0,0.0,0.26893043518066406,0.26893043518066406
2026-03-20T09:08:41.986779+00:00,UNDERWATER,ALIVE,55.0,105.0,-8.0,173.2,9.0,0.0,0.26334428787231445,0.26334428787231445
2026-03-20T09:08:42.401678+00:00,UNDERWATER,ALIVE,60.0,105.0,-8.0,173.2,9.0,0.0,0.41390204429626465,0.41390204429626465
2026-03-20T09:08:42.800478+00:00,UNDERWATER,ALIVE,65.0,105.0,-8.0,173.2,9.0,0.0,0.39778876304626465,0.39778876304626465
2026-03-20T09:08:43.121657+00:00,UNDERWATER,ALIVE,70.0,105.0,-8.0,173.2,9.0,0.0009975433349609375,0.3221893310546875,0.32318687438964844
2026-03-20T09:08:43.387476+00:00,UNDERWATER,ALIVE,75.0,105.0,-8.0,173.2,9.0,0.0,0.26581668853759766,0.2648191452026367
2026-03-20T09:08:43.656008+00:00,UNDERWATER,ALIVE,80.0,105.0,-8.0,173.2,9.0,0.0,0.2695322036743164,0.2695322036743164
2026-03-20T09:08:43.925307+00:00,UNDERWATER,ALIVE,85.0,105.0,-8.0,173.2,9.0,0.0020084381103515625,0.2672901153564453,0.2692985534667969
2026-03-20T09:08:44.195681+00:00,UNDERWATER,ALIVE,90.0,105.0,-8.0,173.2,9.0,0.0020084381103515625,0.270374059677124,0.270374059677124
2026-03-20T09:08:44.512690+00:00,UNDERWATER,ALIVE,95.0,105.0,-8.0,173.2,9.0,0.0,0.3190169334411621,0.31700849533081055
2026-03-20T09:08:44.825722+00:00,UNDERWATER,ALIVE,100.0,105.0,-8.0,173.2,9.0,0.0,0.3110086917877197,0.3110086917877197
2026-03-20T09:08:45.131635+00:00,UNDERWATER,ALIVE,105.0,105.0,-8.0,173.2,9.0,0.0009968280792236328,0.30693984031677246,0.3079366683959961
2026-03-20T09:08:45.448001+00:00,UNDERWATER,ALIVE,110.0,100.0,-8.0,173.2,9.0,0.0,0.31636619567871094,0.3153693675994873
2026-03-20T09:08:45.717121+00:00,UNDERWATER,ALIVE,105.0,100.0,-8.0,173.2,9.0,0.0,0.2681088447570801,0.2681088447570801
2026-03-20T09:08:45.985211+00:00,UNDERWATER,ALIVE,100.0,100.0,-8.0,173.2,9.0,0.0009975433349609375,0.2691001892089844,0.2700977325439453
2026-03-20T09:08:46.283733+00:00,UNDERWATER,ALIVE,95.0,100.0,-8.0,173.2,9.0,0.0,0.29951930046081543,0.2985217571258545
2026-03-20T09:08:46.702315+00:00,UNDERWATER,ALIVE,90.0,100.0,-8.0,173.2,9.0,0.0020067691802978516,0.41657543182373047,0.4185822010040283
2026-03-20T09:08:47.008833+00:00,UNDERWATER,ALIVE,85.0,100.0,-8.0,173.2,9.0,0.0010020732879638672,0.30652618408203125,0.30552148818969727
2026-03-20T09:08:47.316901+00:00,UNDERWATER,ALIVE,80.0,100.0,-8.0,173.2,9.0,0.0017406940460205078,0.30832648277282715,0.3090651035308838
2026-03-20T09:08:47.584870+00:00,UNDERWATER,ALIVE,75.0,100.0,-8.0,173.2,9.0,0.0,0.2676992416381836,0.2659585475921631
2026-03-20T09:08:47.848958+00:00,UNDERWATER,ALIVE,70.0,100.0,-8.0,173.2,9.0,0.0020096302032470703,0.26408886909484863,0.2660984992980957
2026-03-20T09:08:48.108028+00:00,UNDERWATER,ALIVE,65.0,100.0,-8.0,173.2,9.0,0.0,0.2584519386291504,0.2564423084259033
2026-03-20T09:08:48.401875+00:00,UNDERWATER,ALIVE,60.0,100.0,-8.0,173.2,9.0,0.0009965896606445312,0.29547834396362305,0.2964749336242676
2026-03-20T09:08:48.720449+00:00,UNDERWATER,ALIVE,55.0,100.0,-8.0,173.2,9.0,0.0,0.31956958770751953,0.318572998046875
2026-03-20T09:08:49.020165+00:00,UNDERWATER,ALIVE,50.0,100.0,-8.0,173.2,9.0,0.0009975433349609375,0.2987186908721924,0.2997162342071533
2026-03-20T09:08:49.295115+00:00,UNDERWATER,ALIVE,45.0,100.0,-8.0,173.2,9.0,0.0020074844360351562,0.2739400863647461,0.2749500274658203
2026-03-20T09:08:49.563419+00:00,UNDERWATER,ALIVE,40.0,100.0,-8.0,173.2,9.0,0.0,0.2693140506744385,0.2673065662384033
2026-03-20T09:08:49.827493+00:00,UNDERWATER,ALIVE,35.0,100.0,-8.0,173.2,9.0,0.0011911392211914062,0.2627756595611572,0.26396679878234863
2026-03-20T09:08:50.126094+00:00,UNDERWATER,ALIVE,30.0,100.0,-8.0,173.2,9.0,0.000997781753540039,0.2989020347595215,0.2987086772918701
2026-03-20T09:08:50.434363+00:00,UNDERWATER,ALIVE,25.0,100.0,-8.0,173.2,9.0,0.0009980201721191406,0.3089597225189209,0.3089599609375
2026-03-20T09:08:50.754303+00:00,UNDERWATER,ALIVE,20.0,100.0,-8.0,173.2,9.0,0.0,0.3212440013885498,0.32024598121643066
2026-03-20T09:08:51.045350+00:00,UNDERWATER,ALIVE,15.0,100.0,-8.0,173.2,9.0,0.0009961128234863281,0.28905272483825684,0.29004883766174316
2026-03-20T09:08:51.376561+00:00,UNDERWATER,ALIVE,10.0,95.0,-8.0,173.2,9.5,0.0,0.33199572563171387,0.33099961280822754
2026-03-20T09:08:51.645191+00:00,UNDERWATER,ALIVE,15.0,95.0,-8.0,173.2,10.0,0.0009965896606445312,0.26784443855285645,0.268841028213501
2026-03-20T09:08:51.998490+00:00,UNDERWATER,ALIVE,20.0,95.0,-8.0,173.2,10.5,0.0,0.3532836437225342,0.35228705406188965
2026-03-20T09:08:52.296799+00:00,UNDERWATER,ALIVE,25.0,95.0,-8.0,173.2,11.0,0.0020084381103515625,0.2983112335205078,0.3003196716308594
2026-03-20T09:08:52.618655+00:00,UNDERWATER,ALIVE,30.0,95.0,-8.0,173.2,11.5,0.0,0.3238644599914551,0.3218560218811035
2026-03-20T09:08:52.918456+00:00,UNDERWATER,ALIVE,35.0,95.0,-8.0,173.2,12.0,0.000997781753540039,0.2978067398071289,0.29880452156066895
2026-03-20T09:08:53.227942+00:00,UNDERWATER,ALIVE,40.0,95.0,-8.0,173.2,12.5,0.000997781753540039,0.3104829788208008,0.3104829788208008
2026-03-20T09:08:53.488989+00:00,UNDERWATER,ALIVE,45.0,95.0,-8.0,173.2,13.0,0.0020074844360351562,0.2600362300872803,0.2610459327697754
2026-03-20T09:08:53.753163+00:00,UNDERWATER,ALIVE,50.0,95.0,-8.0,173.2,13.5,0.0,0.2641744613647461,0.26216697692871094
2026-03-20T09:08:54.020713+00:00,UNDERWATER,ALIVE,55.0,95.0,-8.0,173.2,14.0,0.0,0.26856040954589844,0.26856040954589844
2026-03-20T09:08:54.315716+00:00,UNDERWATER,ALIVE,60.0,95.0,-8.0,173.2,14.5,0.0,0.2939913272857666,0.2939913272857666
2026-03-20T09:08:54.633392+00:00,UNDERWATER,ALIVE,65.0,95.0,-8.0,173.2,15.0,0.0,0.31868529319763184,0.31868529319763184
2026-03-20T09:08:54.969155+00:00,UNDERWATER,ALIVE,70.0,95.0,-8.0,173.2,15.5,0.0020139217376708984,0.3347482681274414,0.3367621898651123
2026-03-20T09:08:55.291557+00:00,UNDERWATER,ALIVE,75.0,95.0,-8.0,173.2,16.0,0.0009963512420654297,0.32242250442504883,0.32140493392944336
2026-03-20T09:08:55.558860+00:00,UNDERWATER,ALIVE,80.0,95.0,-8.0,173.2,16.5,0.0020084381103515625,0.2672879695892334,0.26830005645751953
2026-03-20T09:08:55.824079+00:00,UNDERWATER,ALIVE,85.0,95.0,-8.0,173.2,17.0,0.0009975433349609375,0.26623034477233887,0.26521944999694824
2026-03-20T09:08:56.088492+00:00,UNDERWATER,ALIVE,90.0,95.0,-8.0,173.2,17.5,0.002008676528930664,0.26340222358703613,0.26441335678100586
2026-03-20T09:08:56.408032+00:00,UNDERWATER,ALIVE,95.0,95.0,-8.0,173.2,18.0,0.0005464553833007812,0.3210012912750244,0.31953907012939453
2026-03-20T09:08:56.743703+00:00,UNDERWATER,ALIVE,100.0,95.0,-8.0,173.2,18.4,0.0,0.33621835708618164,0.33567190170288086
2026-03-20T09:08:57.038648+00:00,UNDERWATER,ALIVE,105.0,95.0,-8.0,173.2,18.4,0.000997781753540039,0.2939465045928955,0.29494428634643555
2026-03-20T09:08:57.322738+00:00,UNDERWATER,ALIVE,110.0,90.0,-8.0,173.2,18.9,0.0,0.2830805778503418,0.28208279609680176
2026-03-20T09:08:57.587528+00:00,UNDERWATER,ALIVE,105.0,90.0,-8.0,173.2,18.9,0.0,0.26579999923706055,0.26579999923706055
2026-03-20T09:08:57.853137+00:00,UNDERWATER,ALIVE,100.0,90.0,-8.0,173.2,18.9,0.0,0.2656090259552002,0.2656090259552002
2026-03-20T09:08:58.114989+00:00,UNDERWATER,ALIVE,95.0,90.0,-8.0,173.2,19.3,0.0,0.2607879638671875,0.2607879638671875
2026-03-20T09:08:58.425792+00:00,UNDERWATER,ALIVE,90.0,90.0,-8.0,173.2,19.8,0.0,0.3128645420074463,0.3128645420074463
2026-03-20T09:08:58.771039+00:00,UNDERWATER,ALIVE,85.0,90.0,-8.0,173.2,20.3,0.0,0.3431844711303711,0.3431844711303711
2026-03-20T09:08:59.066950+00:00,UNDERWATER,ALIVE,80.0,90.0,-8.0,173.2,20.8,0.000997781753540039,0.29588866233825684,0.2968864440917969
2026-03-20T09:08:59.390143+00:00,UNDERWATER,ALIVE,75.0,90.0,-8.0,173.2,21.3,0.0020096302032470703,0.32326769828796387,0.3242795467376709
2026-03-20T09:08:59.651201+00:00,UNDERWATER,ALIVE,70.0,90.0,-8.0,173.2,21.8,0.000997304916381836,0.262070894241333,0.2610585689544678
2026-03-20T09:08:59.913279+00:00,UNDERWATER,ALIVE,65.0,90.0,-8.0,173.2,22.3,0.0009982585906982422,0.26207709312438965,0.26207804679870605
2026-03-20T09:09:00.211645+00:00,UNDERWATER,ALIVE,60.0,90.0,-8.0,173.2,22.8,0.0020079612731933594,0.29735636711120605,0.29836606979370117
2026-03-20T09:09:00.511799+00:00,UNDERWATER,ALIVE,55.0,90.0,-8.0,173.2,23.3,0.0,0.3001546859741211,0.29814672470092773
2026-03-20T09:09:00.823143+00:00,UNDERWATER,ALIVE,50.0,90.0,-8.0,173.2,23.8,0.0009942054748535156,0.31186628341674805,0.31286048889160156
2026-03-20T09:09:01.150215+00:00,UNDERWATER,ALIVE,45.0,90.0,-8.0,173.2,24.3,0.0,0.326549768447876,0.32555556297302246
2026-03-20T09:09:01.418809+00:00,UNDERWATER,ALIVE,40.0,90.0,-8.0,173.2,24.8,0.0,0.26859140396118164,0.26859140396118164
2026-03-20T09:09:01.680316+00:00,UNDERWATER,ALIVE,35.0,90.0,-8.0,173.2,25.3,0.0,0.2615072727203369,0.2615072727203369
2026-03-20T09:09:01.948897+00:00,UNDERWATER,ALIVE,30.0,90.0,-8.0,173.2,25.8,0.0,0.27059030532836914,0.27059030532836914
2026-03-20T09:09:02.249345+00:00,UNDERWATER,ALIVE,25.0,90.0,-8.0,173.2,26.3,0.0,0.29944849014282227,0.29944849014282227
2026-03-20T09:09:02.578858+00:00,UNDERWATER,ALIVE,20.0,90.0,-8.0,173.2,26.8,0.0,0.328505277633667,0.328505277633667
2026-03-20T09:09:02.908328+00:00,UNDERWATER,ALIVE,15.0,90.0,-8.0,173.2,27.3,0.0,0.32944488525390625,0.32944488525390625
2026-03-20T09:09:03.214459+00:00,UNDERWATER,ALIVE,10.0,85.0,-8.0,173.2,27.8,0.002009868621826172,0.3061532974243164,0.3081631660461426
2026-03-20T09:09:03.559546+00:00,UNDERWATER,ALIVE,15.0,85.0,-8.0,173.2,28.3,0.0020105838775634766,0.34508609771728516,0.34508681297302246
2026-03-20T09:09:03.883807+00:00,UNDERWATER,ALIVE,20.0,85.0,-8.0,173.2,28.8,0.0,0.32627153396606445,0.324260950088501
2026-03-20T09:09:04.217692+00:00,UNDERWATER,ALIVE,25.0,85.0,-8.0,173.2,29.3,0.0,0.33388495445251465,0.33388495445251465
2026-03-20T09:09:04.509810+00:00,UNDERWATER,ALIVE,30.0,85.0,-8.0,173.2,29.8,0.0010004043579101562,0.29012012481689453,0.2911205291748047
2026-03-20T09:09:04.845835+00:00,UNDERWATER,ALIVE,35.0,85.0,-8.0,173.2,30.3,0.0,0.33802366256713867,0.3370232582092285
2026-03-20T09:09:05.162699+00:00,UNDERWATER,ALIVE,40.0,85.0,-8.0,173.2,30.8,0.0020112991333007812,0.3148527145385742,0.316864013671875
2026-03-20T09:09:05.496763+00:00,UNDERWATER,ALIVE,45.0,85.0,-8.0,173.2,31.3,0.0020084381103515625,0.33406639099121094,0.3340635299682617
2026-03-20T09:09:05.777424+00:00,UNDERWATER,ALIVE,50.0,85.0,-8.0,173.2,31.8,0.0,0.28066229820251465,0.2786538600921631
2026-03-20T09:09:06.048827+00:00,UNDERWATER,ALIVE,55.0,85.0,-8.0,173.2,32.3,0.0,0.2734103202819824,0.2734103202819824
2026-03-20T09:09:06.344159+00:00,UNDERWATER,ALIVE,60.0,85.0,-8.0,173.2,32.8,0.0020074844360351562,0.29332423210144043,0.2953317165374756
2026-03-20T09:09:06.650842+00:00,UNDERWATER,ALIVE,65.0,85.0,-8.0,173.2,33.3,0.0,0.30869126319885254,0.3066837787628174
2026-03-20T09:09:06.941155+00:00,UNDERWATER,ALIVE,70.0,85.0,-8.0,173.2,33.8,0.0020072460174560547,0.28830552101135254,0.2903127670288086
2026-03-20T09:09:07.244663+00:00,UNDERWATER,ALIVE,75.0,85.0,-8.0,173.2,34.3,0.0007429122924804688,0.30477237701416016,0.30350804328918457
2026-03-20T09:09:07.525467+00:00,UNDERWATER,ALIVE,80.0,85.0,-8.0,173.2,34.8,0.0020072460174560547,0.2795398235321045,0.2808041572570801
2026-03-20T09:09:07.788022+00:00,UNDERWATER,ALIVE,85.0,85.0,-8.0,173.2,35.3,0.0,0.26456141471862793,0.2625541687011719
2026-03-20T09:09:08.057108+00:00,UNDERWATER,ALIVE,90.0,85.0,-8.0,173.2,35.8,0.0,0.2690861225128174,0.2690861225128174
2026-03-20T09:09:08.386974+00:00,UNDERWATER,ALIVE,95.0,85.0,-8.0,173.2,36.3,0.0,0.32785820960998535,0.32785820960998535
2026-03-20T09:09:08.715821+00:00,UNDERWATER,ALIVE,95.0,85.0,-8.0,173.2,36.3,0.002012014389038086,0.3278636932373047,0.3298757076263428
2026-03-20T09:09:09.016195+00:00,UNDERWATER,ALIVE,100.0,85.0,-8.0,173.2,36.7,0.000997781753540039,0.30136871337890625,0.3003544807434082
2026-03-20T09:09:09.299908+00:00,UNDERWATER,ALIVE,105.0,85.0,-8.0,173.2,36.7,0.0,0.2857096195220947,0.2847118377685547
2026-03-20T09:09:09.566278+00:00,UNDERWATER,ALIVE,110.0,80.0,-8.0,173.2,37.2,0.000997781753540039,0.26537251472473145,0.2663702964782715
2026-03-20T09:09:09.844820+00:00,UNDERWATER,ALIVE,105.0,80.0,-8.0,173.2,37.2,0.000997304916381836,0.27854228019714355,0.27854180335998535
2026-03-20T09:09:10.114215+00:00,UNDERWATER,ALIVE,100.0,80.0,-8.0,173.2,37.2,0.0,0.26921534538269043,0.2682180404663086
2026-03-20T09:09:10.434538+00:00,UNDERWATER,ALIVE,95.0,80.0,-8.0,173.2,37.6,0.0,0.32050299644470215,0.32050299644470215
2026-03-20T09:09:10.770587+00:00,UNDERWATER,ALIVE,90.0,80.0,-8.0,173.2,38.1,0.0009970664978027344,0.33495616912841797,0.3359532356262207
2026-03-20T09:09:11.066703+00:00,UNDERWATER,ALIVE,85.0,80.0,-8.0,173.2,38.6,0.00201416015625,0.2961912155151367,0.297208309173584
2026-03-20T09:09:11.407667+00:00,UNDERWATER,ALIVE,80.0,80.0,-8.0,173.2,39.1,0.0009975433349609375,0.34098291397094727,0.3399662971496582
2026-03-20T09:09:11.688874+00:00,UNDERWATER,ALIVE,75.0,80.0,-8.0,173.2,39.6,0.002009153366088867,0.28119325637817383,0.28220486640930176
2026-03-20T09:09:11.956867+00:00,UNDERWATER,ALIVE,70.0,80.0,-8.0,173.2,40.1,0.0017414093017578125,0.26826047897338867,0.2679927349090576
2026-03-20T09:09:12.244464+00:00,UNDERWATER,ALIVE,65.0,80.0,-8.0,173.2,40.6,0.000997304916381836,0.28734493255615234,0.28660082817077637
2026-03-20T09:09:12.661688+00:00,UNDERWATER,ALIVE,60.0,80.0,-8.0,173.2,41.1,0.0,0.41721057891845703,0.4162132740020752
2026-03-20T09:09:13.019628+00:00,UNDERWATER,ALIVE,55.0,80.0,-8.0,173.2,41.6,0.0009789466857910156,0.3579714298248291,0.3589503765106201
2026-03-20T09:09:13.324438+00:00,UNDERWATER,ALIVE,50.0,80.0,-8.0,173.2,42.1,0.0009980201721191406,0.304790735244751,0.3048098087310791
2026-03-20T09:09:13.581971+00:00,UNDERWATER,ALIVE,45.0,80.0,-8.0,173.2,42.6,0.0009968280792236328,0.2585315704345703,0.2585303783416748
2026-03-20T09:09:13.852820+00:00,UNDERWATER,ALIVE,40.0,80.0,-8.0,173.2,43.1,0.002045154571533203,0.26980090141296387,0.27084922790527344
2026-03-20T09:09:14.130817+00:00,UNDERWATER,ALIVE,35.0,80.0,-8.0,173.2,43.6,0.0010688304901123047,0.27797532081604004,0.27699899673461914
2026-03-20T09:09:14.444665+00:00,UNDERWATER,ALIVE,30.0,80.0,-8.0,173.2,44.1,0.0009968280792236328,0.31491780281066895,0.3148458003997803
2026-03-20T09:09:14.763828+00:00,UNDERWATER,ALIVE,25.0,80.0,-8.0,173.2,44.6,0.0,0.31815218925476074,0.3171553611755371
2026-03-20T09:09:15.059121+00:00,UNDERWATER,ALIVE,20.0,80.0,-8.0,173.2,45.1,0.0009968280792236328,0.29630351066589355,0.2973003387451172
2026-03-20T09:09:15.396014+00:00,UNDERWATER,ALIVE,15.0,80.0,-8.0,173.2,45.6,0.0,0.3378894329071045,0.33689260482788086
2026-03-20T09:09:15.681540+00:00,UNDERWATER,ALIVE,10.0,75.0,-8.0,173.2,46.1,0.0,0.2855265140533447,0.2855265140533447
2026-03-20T09:09:15.945258+00:00,UNDERWATER,ALIVE,15.0,75.0,-8.0,173.2,46.6,0.0,0.2637183666229248,0.2637183666229248
2026-03-20T09:09:16.233564+00:00,UNDERWATER,ALIVE,20.0,75.0,-8.0,173.2,47.1,0.0,0.28830552101135254,0.28830552101135254
2026-03-20T09:09:16.682208+00:00,UNDERWATER,ALIVE,25.0,75.0,-8.0,173.2,47.6,0.0020093917846679688,0.44663453102111816,0.44864392280578613
2026-03-20T09:09:16.969401+00:00,UNDERWATER,ALIVE,30.0,75.0,-8.0,173.2,48.1,0.0,0.288205623626709,0.286196231842041
2026-03-20T09:09:17.254430+00:00,UNDERWATER,ALIVE,35.0,75.0,-8.0,173.2,48.6,0.0,0.28502917289733887,0.28502917289733887
2026-03-20T09:09:17.535986+00:00,UNDERWATER,ALIVE,40.0,75.0,-8.0,173.2,49.1,0.002007722854614258,0.2805447578430176,0.28255248069763184
2026-03-20T09:09:17.836089+00:00,UNDERWATER,ALIVE,45.0,75.0,-8.0,173.2,49.6,0.0009968280792236328,0.30011653900146484,0.2991056442260742
2026-03-20T09:09:18.096239+00:00,UNDERWATER,ALIVE,50.0,75.0,-8.0,173.2,50.1,0.0,0.2585940361022949,0.2575972080230713
2026-03-20T09:09:18.390832+00:00,UNDERWATER,ALIVE,55.0,75.0,-8.0,173.2,50.6,0.0020084381103515625,0.29613471031188965,0.2981431484222412
2026-03-20T09:09:18.683445+00:00,UNDERWATER,ALIVE,60.0,75.0,-8.0,173.2,51.1,0.0,0.29462122917175293,0.29261279106140137
2026-03-20T09:09:19.025420+00:00,UNDERWATER,ALIVE,65.0,75.0,-8.0,173.2,51.6,0.0020051002502441406,0.3388495445251465,0.3408546447753906
2026-03-20T09:09:19.349549+00:00,UNDERWATER,ALIVE,70.0,75.0,-8.0,173.2,52.1,0.000997781753540039,0.3252592086791992,0.3242518901824951
2026-03-20T09:09:19.616758+00:00,UNDERWATER,ALIVE,75.0,75.0,-8.0,173.2,52.6,0.0008385181427001953,0.2680017948150635,0.26784253120422363
2026-03-20T09:09:19.886458+00:00,UNDERWATER,ALIVE,80.0,75.0,-8.0,173.2,53.1,0.0,0.2709026336669922,0.270064115524292
2026-03-20T09:09:20.172049+00:00,UNDERWATER,ALIVE,85.0,75.0,-8.0,173.2,53.6,0.0,0.2845940589904785,0.2845940589904785
2026-03-20T09:09:20.479611+00:00,UNDERWATER,ALIVE,90.0,75.0,-8.0,173.2,54.1,0.0,0.3065459728240967,0.3065459728240967
2026-03-20T09:09:20.839969+00:00,UNDERWATER,ALIVE,95.0,75.0,-8.0,173.2,54.6,0.0,0.3606290817260742,0.3606290817260742
2026-03-20T09:09:21.192031+00:00,UNDERWATER,ALIVE,100.0,75.0,-8.0,173.2,55.0,0.0,0.35280275344848633,0.35280275344848633
2026-03-20T09:09:21.520856+00:00,UNDERWATER,ALIVE,105.0,75.0,-8.0,173.2,55.0,0.0,0.32808470726013184,0.32808470726013184
2026-03-20T09:09:21.833071+00:00,UNDERWATER,ALIVE,110.0,70.0,-8.0,173.2,55.5,0.000997781753540039,0.3129594326019287,0.31395721435546875
2026-03-20T09:09:22.158406+00:00,UNDERWATER,ALIVE,105.0,70.0,-8.0,173.2,55.5,0.0,0.32633233070373535,0.3253345489501953
2026-03-20T09:09:22.505408+00:00,UNDERWATER,ALIVE,100.0,70.0,-8.0,173.2,55.5,0.002011537551879883,0.34499096870422363,0.3470025062561035
2026-03-20T09:09:22.901150+00:00,UNDERWATER,ALIVE,95.0,70.0,-8.0,173.2,55.9,0.0020074844360351562,0.39574527740478516,0.39574122428894043
2026-03-20T09:09:23.270670+00:00,UNDERWATER,ALIVE,90.0,70.0,-8.0,173.2,56.4,0.0,0.37152791023254395,0.3695204257965088
2026-03-20T09:09:23.601464+00:00,UNDERWATER,ALIVE,85.0,70.0,-8.0,173.2,56.9,0.0,0.3307938575744629,0.3307938575744629
2026-03-20T09:09:23.960550+00:00,UNDERWATER,ALIVE,80.0,70.0,-8.0,173.2,57.4,0.0,0.3590855598449707,0.3590855598449707
2026-03-20T09:09:24.351225+00:00,UNDERWATER,ALIVE,75.0,70.0,-8.0,173.2,57.9,0.0,0.38866591453552246,0.38866591453552246
2026-03-20T09:09:24.693638+00:00,UNDERWATER,ALIVE,70.0,70.0,-8.0,173.2,58.4,0.0,0.34241247177124023,0.34241247177124023
2026-03-20T09:09:25.021933+00:00,UNDERWATER,ALIVE,65.0,70.0,-8.0,173.2,58.9,0.0,0.32829713821411133,0.32829713821411133
2026-03-20T09:09:25.378107+00:00,UNDERWATER,ALIVE,60.0,70.0,-8.0,173.2,59.4,0.000997781753540039,0.35718345642089844,0.3581812381744385
2026-03-20T09:09:25.663276+00:00,UNDERWATER,ALIVE,55.0,70.0,-8.0,173.2,59.9,0.0010428428649902344,0.2851243019104004,0.2851693630218506
2026-03-20T09:09:25.989635+00:00,UNDERWATER,ALIVE,50.0,70.0,-8.0,173.2,60.4,0.0011191368103027344,0.3262825012207031,0.3263587951660156
2026-03-20T09:09:26.357704+00:00,UNDERWATER,ALIVE,45.0,70.0,-8.0,173.2,60.9,0.0,0.36717891693115234,0.3660597801208496
2026-03-20T09:09:26.705804+00:00,UNDERWATER,ALIVE,40.0,70.0,-8.0,173.2,61.4,0.002008676528930664,0.3481013774871826,0.3501100540161133
2026-03-20T09:09:27.028749+00:00,UNDERWATER,ALIVE,35.0,70.0,-8.0,173.2,61.9,0.002012491226196289,0.32092857360839844,0.32093238830566406
2026-03-20T09:09:27.362331+00:00,UNDERWATER,ALIVE,30.0,70.0,-8.0,173.2,62.4,0.0,0.33760619163513184,0.33559370040893555
2026-03-20T09:09:27.702300+00:00,UNDERWATER,ALIVE,25.0,70.0,-8.0,173.2,62.9,0.0009968280792236328,0.33797502517700195,0.3389718532562256
2026-03-20T09:09:28.037275+00:00,UNDERWATER,ALIVE,20.0,70.0,-8.0,173.2,63.4,0.0009975433349609375,0.3349747657775879,0.3349754810333252
2026-03-20T09:09:28.355689+00:00,UNDERWATER,ALIVE,15.0,70.0,-8.0,173.2,63.9,0.002008199691772461,0.31840062141418457,0.3194112777709961
2026-03-20T09:09:28.708992+00:00,UNDERWATER,ALIVE,10.0,65.0,-8.0,173.2,64.4,0.0,0.35531163215637207,0.3533034324645996
2026-03-20T09:09:29.060834+00:00,UNDERWATER,ALIVE,15.0,65.0,-8.0,173.2,64.9,0.0009970664978027344,0.34984707832336426,0.350844144821167
2026-03-20T09:09:29.361291+00:00,UNDERWATER,ALIVE,20.0,65.0,-8.0,173.2,65.4,0.0,0.3004426956176758,0.29944562911987305
2026-03-20T09:09:29.676539+00:00,UNDERWATER,ALIVE,25.0,65.0,-8.0,173.2,65.9,0.0,0.31625938415527344,0.31625938415527344
2026-03-20T09:09:29.979973+00:00,UNDERWATER,ALIVE,30.0,65.0,-8.0,173.2,66.4,0.000997304916381836,0.3034341335296631,0.3044314384460449
2026-03-20T09:09:30.320116+00:00,UNDERWATER,ALIVE,35.0,65.0,-8.0,173.2,66.9,0.0020093917846679688,0.3391306400299072,0.34014272689819336
2026-03-20T09:09:30.676104+00:00,UNDERWATER,ALIVE,40.0,65.0,-8.0,173.2,67.4,0.0,0.35699915885925293,0.35498976707458496
2026-03-20T09:09:30.990586+00:00,UNDERWATER,ALIVE,45.0,65.0,-8.0,173.2,67.9,0.0,0.3144829273223877,0.3144829273223877
2026-03-20T09:09:31.307862+00:00,UNDERWATER,ALIVE,50.0,65.0,-8.0,173.2,68.4,0.000997781753540039,0.3172755241394043,0.31827330589294434
2026-03-20T09:09:31.608000+00:00,UNDERWATER,ALIVE,55.0,65.0,-8.0,173.2,68.9,0.0,0.3001389503479004,0.29914116859436035
2026-03-20T09:09:31.864339+00:00,UNDERWATER,ALIVE,60.0,65.0,-8.0,173.2,69.4,0.0020074844360351562,0.2553281784057617,0.2573356628417969
2026-03-20T09:09:32.123939+00:00,UNDERWATER,ALIVE,65.0,65.0,-8.0,173.2,69.9,0.0,0.2596006393432617,0.25759315490722656
2026-03-20T09:09:32.455728+00:00,UNDERWATER,ALIVE,70.0,65.0,-8.0,173.2,70.4,0.000997304916381836,0.3318014144897461,0.33279871940612793
2026-03-20T09:09:32.730588+00:00,UNDERWATER,ALIVE,75.0,65.0,-8.0,173.2,70.9,0.0020084381103515625,0.27484655380249023,0.27585768699645996
2026-03-20T09:09:33.037178+00:00,UNDERWATER,ALIVE,80.0,65.0,-8.0,173.2,71.4,0.0,0.307600736618042,0.30559229850769043
2026-03-20T09:09:33.359090+00:00,UNDERWATER,ALIVE,85.0,65.0,-8.0,173.2,71.9,0.0,0.32090163230895996,0.32090163230895996
2026-03-20T09:09:33.615707+00:00,UNDERWATER,ALIVE,90.0,65.0,-8.0,173.2,72.4,0.0,0.2586245536804199,0.2586245536804199
2026-03-20T09:09:33.879691+00:00,UNDERWATER,ALIVE,95.0,65.0,-8.0,173.2,72.9,0.002007007598876953,0.2619774341583252,0.26398444175720215
2026-03-20T09:09:34.148134+00:00,UNDERWATER,ALIVE,100.0,65.0,-8.0,173.2,73.3,0.0,0.2694518566131592,0.2674448490142822
2026-03-20T09:09:34.433234+00:00,UNDERWATER,ALIVE,105.0,65.0,-8.0,173.2,73.3,0.000997781753540039,0.28509998321533203,0.28609776496887207
2026-03-20T09:09:34.760889+00:00,UNDERWATER,ALIVE,110.0,60.0,-8.0,173.2,73.8,0.002008199691772461,0.3266446590423584,0.3276550769805908
2026-03-20T09:09:35.067732+00:00,UNDERWATER,ALIVE,105.0,60.0,-8.0,173.2,73.8,0.002019166946411133,0.30683207511901855,0.3068430423736572
2026-03-20T09:09:35.339328+00:00,UNDERWATER,ALIVE,100.0,60.0,-8.0,173.2,73.8,0.0,0.27261805534362793,0.2705988883972168
2026-03-20T09:09:35.602685+00:00,UNDERWATER,ALIVE,95.0,60.0,-8.0,173.2,74.2,0.000997304916381836,0.26335668563842773,0.26435399055480957
2026-03-20T09:09:35.866225+00:00,UNDERWATER,ALIVE,90.0,60.0,-8.0,173.2,74.7,0.002009153366088867,0.262528657913208,0.26354050636291504
2026-03-20T09:09:36.127593+00:00,UNDERWATER,ALIVE,85.0,60.0,-8.0,173.2,75.2,0.001171112060546875,0.26120781898498535,0.26036977767944336
2026-03-20T09:09:36.431842+00:00,UNDERWATER,ALIVE,80.0,60.0,-8.0,173.2,75.7,0.0,0.3044087886810303,0.3032376766204834
2026-03-20T09:09:36.783720+00:00,UNDERWATER,ALIVE,75.0,60.0,-8.0,173.2,76.2,0.0020122528076171875,0.35187506675720215,0.35388731956481934
2026-03-20T09:09:37.075969+00:00,UNDERWATER,ALIVE,70.0,60.0,-8.0,173.2,76.7,0.0004241466522216797,0.2918212413787842,0.29023313522338867
2026-03-20T09:09:37.416194+00:00,UNDERWATER,ALIVE,65.0,60.0,-8.0,173.2,77.2,0.0,0.3426644802093506,0.3422403335571289
2026-03-20T09:09:37.679024+00:00,UNDERWATER,ALIVE,60.0,60.0,-8.0,173.2,77.7,0.0,0.2628302574157715,0.2628302574157715
2026-03-20T09:09:37.930635+00:00,UNDERWATER,ALIVE,55.0,60.0,-8.0,173.2,78.2,0.0020072460174560547,0.2496037483215332,0.25161099433898926
2026-03-20T09:09:38.204913+00:00,UNDERWATER,ALIVE,50.0,60.0,-8.0,173.2,78.7,0.0,0.27265167236328125,0.2706444263458252
2026-03-20T09:09:38.527465+00:00,UNDERWATER,ALIVE,45.0,60.0,-8.0,173.2,79.2,0.0,0.32417798042297363,0.32417798042297363
2026-03-20T09:09:38.835704+00:00,UNDERWATER,ALIVE,40.0,60.0,-8.0,173.2,79.7,0.0,0.30823826789855957,0.30823826789855957
2026-03-20T09:09:39.126611+00:00,UNDERWATER,ALIVE,35.0,60.0,-8.0,173.2,80.2,0.0030612945556640625,0.2898542881011963,0.29291558265686035
2026-03-20T09:09:39.401831+00:00,UNDERWATER,ALIVE,30.0,60.0,-8.0,173.2,80.7,0.0,0.27828121185302734,0.2752199172973633
2026-03-20T09:09:39.668908+00:00,UNDERWATER,ALIVE,25.0,60.0,-8.0,173.2,81.2,0.0,0.2660808563232422,0.2660808563232422
2026-03-20T09:09:39.927429+00:00,UNDERWATER,ALIVE,20.0,60.0,-8.0,173.2,81.7,0.0,0.2575094699859619,0.2575094699859619
2026-03-20T09:09:40.192810+00:00,UNDERWATER,ALIVE,15.0,60.0,-8.0,173.2,82.2,0.002009868621826172,0.2653794288635254,0.26738929748535156
2026-03-20T09:09:40.513328+00:00,UNDERWATER,ALIVE,10.0,55.0,-8.0,173.2,82.7,0.0,0.3225269317626953,0.32051706314086914
2026-03-20T09:09:40.825104+00:00,UNDERWATER,ALIVE,15.0,55.0,-8.0,173.2,83.2,0.0,0.3097677230834961,0.3097677230834961
2026-03-20T09:09:41.129834+00:00,UNDERWATER,ALIVE,20.0,55.0,-8.0,173.2,83.7,0.0,0.30673861503601074,0.30673861503601074
2026-03-20T09:09:41.407963+00:00,UNDERWATER,ALIVE,25.0,55.0,-8.0,173.2,84.2,0.0020074844360351562,0.2761220932006836,0.27812957763671875
2026-03-20T09:09:41.674008+00:00,UNDERWATER,ALIVE,30.0,55.0,-8.0,173.2,84.7,0.0,0.2680518627166748,0.26604437828063965
2026-03-20T09:09:41.942985+00:00,UNDERWATER,ALIVE,35.0,55.0,-8.0,173.2,85.2,0.0,0.2669677734375,0.2669677734375
2026-03-20T09:09:42.242042+00:00,UNDERWATER,ALIVE,40.0,55.0,-8.0,173.2,85.7,0.000997304916381836,0.2990720272064209,0.30006933212280273
2026-03-20T09:09:42.563418+00:00,UNDERWATER,ALIVE,45.0,55.0,-8.0,173.2,86.2,0.0,0.32216906547546387,0.32117176055908203
2026-03-20T09:09:42.975215+00:00,UNDERWATER,ALIVE,50.0,55.0,-8.0,173.2,86.7,0.0020096302032470703,0.41098833084106445,0.4129979610443115
2026-03-20T09:09:43.308377+00:00,UNDERWATER,ALIVE,55.0,55.0,-8.0,173.2,87.2,0.0020072460174560547,0.33316469192504883,0.3331623077392578
2026-03-20T09:09:43.592538+00:00,UNDERWATER,ALIVE,60.0,55.0,-8.0,173.2,87.7,0.0020079612731933594,0.2841606140136719,0.2841613292694092
2026-03-20T09:09:43.880281+00:00,UNDERWATER,ALIVE,65.0,55.0,-8.0,173.2,88.2,0.0,0.28861403465270996,0.2866060733795166
2026-03-20T09:09:44.156299+00:00,UNDERWATER,ALIVE,70.0,55.0,-8.0,173.2,88.7,0.000997781753540039,0.2761571407318115,0.27715492248535156
2026-03-20T09:09:44.460909+00:00,UNDERWATER,ALIVE,75.0,55.0,-8.0,173.2,89.2,0.0009963512420654297,0.30361318588256836,0.30361175537109375
2026-03-20T09:09:44.777066+00:00,UNDERWATER,ALIVE,80.0,55.0,-8.0,173.2,89.7,0.0,0.31815147399902344,0.317155122756958
2026-03-20T09:09:45.076481+00:00,UNDERWATER,ALIVE,85.0,55.0,-8.0,173.2,90.2,0.0020067691802978516,0.297407865524292,0.29941463470458984
2026-03-20T09:09:45.404583+00:00,UNDERWATER,ALIVE,90.0,55.0,-8.0,173.2,90.7,0.0,0.3301088809967041,0.32810211181640625
2026-03-20T09:09:45.687762+00:00,UNDERWATER,ALIVE,95.0,55.0,-8.0,173.2,91.2,0.0009968280792236328,0.2811849117279053,0.2821817398071289
2026-03-20T09:09:45.956435+00:00,UNDERWATER,ALIVE,100.0,55.0,-8.0,173.2,91.6,0.0,0.27066731452941895,0.2696704864501953
2026-03-20T09:09:46.252686+00:00,UNDERWATER,ALIVE,105.0,55.0,-8.0,173.2,91.6,0.0009980201721191406,0.2942523956298828,0.29525041580200195
2026-03-20T09:09:46.532605+00:00,UNDERWATER,ALIVE,110.0,50.0,-8.0,173.2,92.1,0.000997304916381836,0.28092026710510254,0.28091955184936523
2026-03-20T09:09:46.864816+00:00,UNDERWATER,ALIVE,105.0,50.0,-8.0,173.2,92.1,0.002008199691772461,0.33120012283325195,0.3322110176086426
2026-03-20T09:09:47.185249+00:00,UNDERWATER,ALIVE,100.0,50.0,-8.0,173.2,92.1,0.0009963512420654297,0.3214449882507324,0.3204331398010254
2026-03-20T09:09:47.463303+00:00,UNDERWATER,ALIVE,95.0,50.0,-8.0,173.2,92.5,0.0,0.2790496349334717,0.27805328369140625
2026-03-20T09:09:47.734163+00:00,UNDERWATER,ALIVE,90.0,50.0,-8.0,173.2,93.0,0.0,0.2708601951599121,0.2708601951599121
2026-03-20T09:09:48.028443+00:00,UNDERWATER,ALIVE,85.0,50.0,-8.0,173.2,93.5,0.001007080078125,0.29228758811950684,0.29329466819763184
2026-03-20T09:09:48.331235+00:00,UNDERWATER,ALIVE,80.0,50.0,-8.0,173.2,94.0,0.0017414093017578125,0.3030433654785156,0.30377769470214844
2026-03-20T09:09:48.718855+00:00,UNDERWATER,ALIVE,75.0,50.0,-8.0,173.2,94.5,0.0013840198516845703,0.38797736167907715,0.3876199722290039
2026-03-20T09:09:49.017944+00:00,UNDERWATER,ALIVE,70.0,50.0,-8.0,173.2,95.0,0.0,0.2984597682952881,0.2970757484436035
2026-03-20T09:09:49.321318+00:00,UNDERWATER,ALIVE,65.0,50.0,-8.0,173.2,95.5,0.002008199691772461,0.3033790588378906,0.3053872585296631
2026-03-20T09:09:49.592569+00:00,UNDERWATER,ALIVE,60.0,50.0,-8.0,173.2,96.0,0.0,0.2712516784667969,0.2692434787750244
2026-03-20T09:09:49.860446+00:00,UNDERWATER,ALIVE,55.0,50.0,-8.0,173.2,96.5,0.0,0.2688868045806885,0.2688868045806885
2026-03-20T09:09:50.121181+00:00,UNDERWATER,ALIVE,50.0,50.0,-8.0,173.2,97.0,0.0,0.2597229480743408,0.2597229480743408
2026-03-20T09:09:50.414759+00:00,UNDERWATER,ALIVE,45.0,50.0,-8.0,173.2,97.5,0.0,0.29558730125427246,0.29558730125427246
2026-03-20T09:09:50.783018+00:00,UNDERWATER,ALIVE,40.0,50.0,-8.0,173.2,98.0,0.0020089149475097656,0.36625099182128906,0.36825990676879883
2026-03-20T09:09:51.087935+00:00,UNDERWATER,ALIVE,35.0,50.0,-8.0,173.2,98.5,0.0011761188507080078,0.30574941635131836,0.3049166202545166
2026-03-20T09:09:51.404671+00:00,UNDERWATER,ALIVE,30.0,50.0,-8.0,173.2,99.0,0.0017414093017578125,0.31540489196777344,0.31597018241882324
2026-03-20T09:09:51.675931+00:00,UNDERWATER,ALIVE,25.0,50.0,-8.0,173.2,99.5,0.0,0.2717597484588623,0.2700183391571045
2026-03-20T09:09:51.936770+00:00,UNDERWATER,ALIVE,20.0,50.0,-8.0,173.2,100.0,0.0,0.2608377933502197,0.2608377933502197
2026-03-20T09:09:52.209830+00:00,UNDERWATER,ALIVE,15.0,50.0,-8.0,173.2,100.5,0.0,0.2730567455291748,0.2730567455291748
2026-03-20T09:09:52.549492+00:00,UNDERWATER,ALIVE,10.0,45.0,-8.0,173.2,101.0,0.0,0.34067606925964355,0.34067606925964355
2026-03-20T09:09:52.951778+00:00,UNDERWATER,ALIVE,15.0,45.0,-8.0,173.2,101.5,0.0,0.40328311920166016,0.40328311920166016
2026-03-20T09:09:53.275053+00:00,UNDERWATER,ALIVE,20.0,45.0,-8.0,173.2,102.0,0.0,0.3222804069519043,0.3222804069519043
2026-03-20T09:09:53.533860+00:00,UNDERWATER,ALIVE,25.0,45.0,-8.0,173.2,102.5,0.0009970664978027344,0.25780749320983887,0.2588045597076416
2026-03-20T09:09:53.809627+00:00,UNDERWATER,ALIVE,30.0,45.0,-8.0,173.2,103.0,0.0,0.27776169776916504,0.2767646312713623
2026-03-20T09:09:54.079101+00:00,UNDERWATER,ALIVE,35.0,45.0,-8.0,173.2,103.5,0.0,0.26746559143066406,0.26746559143066406
2026-03-20T09:09:54.398587+00:00,UNDERWATER,ALIVE,40.0,45.0,-8.0,173.2,104.0,0.0,0.3204965591430664,0.3204965591430664
2026-03-20T09:09:54.718229+00:00,UNDERWATER,ALIVE,45.0,45.0,-8.0,173.2,104.5,0.0020067691802978516,0.3186333179473877,0.32064008712768555
2026-03-20T09:09:55.011109+00:00,UNDERWATER,ALIVE,50.0,45.0,-8.0,173.2,105.0,0.0,0.29388928413391113,0.2918825149536133
2026-03-20T09:09:55.298277+00:00,UNDERWATER,ALIVE,55.0,45.0,-8.0,173.2,105.5,0.0,0.28615665435791016,0.28615665435791016
2026-03-20T09:09:55.564327+00:00,UNDERWATER,ALIVE,60.0,45.0,-8.0,173.2,106.0,0.0020084381103515625,0.2660503387451172,0.26805877685546875
2026-03-20T09:09:55.832552+00:00,UNDERWATER,ALIVE,65.0,45.0,-8.0,173.2,106.5,0.0,0.26923584938049316,0.2672274112701416
2026-03-20T09:09:56.093464+00:00,UNDERWATER,ALIVE,70.0,45.0,-8.0,173.2,107.0,0.0020089149475097656,0.2599005699157715,0.26190948486328125
2026-03-20T09:09:56.394135+00:00,UNDERWATER,ALIVE,75.0,45.0,-8.0,173.2,107.5,0.0009965896606445312,0.3016829490661621,0.3006706237792969
2026-03-20T09:09:56.727354+00:00,UNDERWATER,ALIVE,80.0,45.0,-8.0,173.2,108.0,0.0009963512420654297,0.33222103118896484,0.33222079277038574
2026-03-20T09:09:57.045892+00:00,UNDERWATER,ALIVE,85.0,45.0,-8.0,173.2,108.5,0.0020148754119873047,0.31851744651794434,0.3195359706878662
2026-03-20T09:09:57.364449+00:00,UNDERWATER,ALIVE,90.0,45.0,-8.0,173.2,109.0,0.0009968280792236328,0.31957530975341797,0.3185572624206543
2026-03-20T09:09:57.626565+00:00,UNDERWATER,ALIVE,95.0,45.0,-8.0,173.2,109.5,0.0,0.26311349868774414,0.2621166706085205
2026-03-20T09:09:57.895302+00:00,UNDERWATER,ALIVE,100.0,45.0,-8.0,173.2,109.9,0.0,0.2667276859283447,0.2667276859283447
2026-03-20T09:09:58.195505+00:00,UNDERWATER,ALIVE,105.0,45.0,-8.0,173.2,109.9,0.0,0.3002026081085205,0.3002026081085205
2026-03-20T09:09:58.539755+00:00,UNDERWATER,ALIVE,110.0,40.0,-8.0,173.2,110.4,0.0,0.344249963760376,0.344249963760376
2026-03-20T09:09:58.843031+00:00,UNDERWATER,ALIVE,105.0,40.0,-8.0,173.2,110.4,0.002008199691772461,0.30327749252319336,0.3052856922149658
2026-03-20T09:09:59.153797+00:00,UNDERWATER,ALIVE,100.0,40.0,-8.0,173.2,110.4,0.0,0.3127739429473877,0.31076574325561523
2026-03-20T09:09:59.429316+00:00,UNDERWATER,ALIVE,95.0,40.0,-8.0,173.2,110.8,0.000997304916381836,0.2736189365386963,0.2746162414550781
2026-03-20T09:09:59.696860+00:00,UNDERWATER,ALIVE,90.0,40.0,-8.0,173.2,111.3,0.002008199691772461,0.26743555068969727,0.2684464454650879
2026-03-20T09:09:59.964975+00:00,UNDERWATER,ALIVE,85.0,40.0,-8.0,173.2,111.8,0.0,0.26811647415161133,0.26610827445983887
2026-03-20T09:10:00.263286+00:00,UNDERWATER,ALIVE,80.0,40.0,-8.0,173.2,112.3,0.0,0.30031776428222656,0.30031776428222656
2026-03-20T09:10:00.585558+00:00,UNDERWATER,ALIVE,75.0,40.0,-8.0,173.2,112.8,0.0009961128234863281,0.3212757110595703,0.32227182388305664
2026-03-20T09:10:00.880983+00:00,UNDERWATER,ALIVE,70.0,40.0,-8.0,173.2,113.3,0.0007245540618896484,0.2953658103942871,0.29509425163269043
2026-03-20T09:10:01.229672+00:00,UNDERWATER,ALIVE,65.0,40.0,-8.0,173.2,113.8,0.002007722854614258,0.3477365970611572,0.34901976585388184
2026-03-20T09:10:01.489885+00:00,UNDERWATER,ALIVE,60.0,40.0,-8.0,173.2,114.3,0.0020079612731933594,0.26021289825439453,0.26021313667297363
2026-03-20T09:10:01.755589+00:00,UNDERWATER,ALIVE,55.0,40.0,-8.0,173.2,114.8,0.0,0.2677121162414551,0.2657041549682617
2026-03-20T09:10:02.009287+00:00,UNDERWATER,ALIVE,50.0,40.0,-8.0,173.2,115.3,0.0020265579223632812,0.25167155265808105,0.25369811058044434
2026-03-20T09:10:02.314022+00:00,UNDERWATER,ALIVE,45.0,40.0,-8.0,173.2,115.8,0.000997304916381836,0.30576395988464355,0.3047347068786621
2026-03-20T09:10:02.632412+00:00,UNDERWATER,ALIVE,40.0,40.0,-8.0,173.2,116.3,0.0,0.3179788589477539,0.31698155403137207
2026-03-20T09:10:02.965332+00:00,UNDERWATER,ALIVE,35.0,40.0,-8.0,173.2,116.8,0.0015077590942382812,0.3328208923339844,0.33432865142822266
2026-03-20T09:10:03.308860+00:00,UNDERWATER,ALIVE,30.0,40.0,-8.0,173.2,117.3,0.0,0.34302663803100586,0.3415188789367676
2026-03-20T09:10:03.623680+00:00,UNDERWATER,ALIVE,25.0,40.0,-8.0,173.2,117.8,0.0009984970092773438,0.31583070755004883,0.31682920455932617
2026-03-20T09:10:03.948834+00:00,UNDERWATER,ALIVE,20.0,40.0,-8.0,173.2,118.3,0.0020093917846679688,0.3241429328918457,0.32515382766723633
2026-03-20T09:10:04.251139+00:00,UNDERWATER,ALIVE,15.0,40.0,-8.0,173.2,118.8,0.0017766952514648438,0.3025381565093994,0.3023054599761963
2026-03-20T09:10:04.572969+00:00,UNDERWATER,ALIVE,10.0,35.0,-8.0,173.2,119.3,0.0020067691802978516,0.32159924507141113,0.32182931900024414
2026-03-20T09:10:04.913718+00:00,UNDERWATER,ALIVE,15.0,35.0,-8.0,173.2,119.8,0.002008199691772461,0.3407478332519531,0.34074926376342773
2026-03-20T09:10:05.245487+00:00,UNDERWATER,ALIVE,20.0,35.0,-8.0,173.2,120.3,0.0,0.3317694664001465,0.329761266708374
2026-03-20T09:10:05.580649+00:00,UNDERWATER,ALIVE,25.0,35.0,-8.0,173.2,120.8,0.0,0.33617210388183594,0.33617210388183594
2026-03-20T09:10:05.889872+00:00,UNDERWATER,ALIVE,30.0,35.0,-8.0,173.2,121.3,0.0020072460174560547,0.3082137107849121,0.31022095680236816
2026-03-20T09:10:06.186258+00:00,UNDERWATER,ALIVE,35.0,35.0,-8.0,173.2,121.8,0.002009153366088867,0.2963840961456299,0.2963860034942627
2026-03-20T09:10:06.480020+00:00,UNDERWATER,ALIVE,40.0,35.0,-8.0,173.2,122.3,0.002007007598876953,0.2937636375427246,0.2937614917755127
2026-03-20T09:10:06.800981+00:00,UNDERWATER,ALIVE,45.0,35.0,-8.0,173.2,122.8,0.0020074844360351562,0.32096076011657715,0.32096123695373535
2026-03-20T09:10:07.120312+00:00,UNDERWATER,ALIVE,50.0,35.0,-8.0,173.2,123.3,0.001741647720336914,0.3188037872314453,0.31853795051574707
2026-03-20T09:10:07.392526+00:00,UNDERWATER,ALIVE,55.0,35.0,-8.0,173.2,123.8,0.000997304916381836,0.2727546691894531,0.27201032638549805
2026-03-20T09:10:07.662608+00:00,UNDERWATER,ALIVE,60.0,35.0,-8.0,173.2,124.3,0.0,0.272075891494751,0.27107858657836914
2026-03-20T09:10:07.931109+00:00,UNDERWATER,ALIVE,65.0,35.0,-8.0,173.2,124.8,0.0,0.2664937973022461,0.2664937973022461
2026-03-20T09:10:08.206632+00:00,UNDERWATER,ALIVE,70.0,35.0,-8.0,173.2,125.3,0.00040149688720703125,0.2771286964416504,0.2775301933288574
2026-03-20T09:10:08.507991+00:00,UNDERWATER,ALIVE,75.0,35.0,-8.0,173.2,125.8,0.002008676528930664,0.29975199699401855,0.3013591766357422
2026-03-20T09:10:08.834353+00:00,UNDERWATER,ALIVE,80.0,35.0,-8.0,173.2,126.3,0.0,0.32636165618896484,0.3243529796600342
2026-03-20T09:10:09.128064+00:00,UNDERWATER,ALIVE,85.0,35.0,-8.0,173.2,126.8,0.0,0.29571986198425293,0.29571986198425293
2026-03-20T09:10:09.460388+00:00,UNDERWATER,ALIVE,90.0,35.0,-8.0,173.2,127.3,0.0,0.3323245048522949,0.3323245048522949
2026-03-20T09:10:09.729893+00:00,UNDERWATER,ALIVE,95.0,35.0,-8.0,173.2,127.8,0.0,0.2695047855377197,0.2695047855377197
2026-03-20T09:10:10.006382+00:00,UNDERWATER,ALIVE,100.0,35.0,-8.0,173.2,128.2,0.0014820098876953125,0.27469968795776367,0.276181697845459
2026-03-20T09:10:10.312212+00:00,UNDERWATER,ALIVE,105.0,35.0,-8.0,173.2,128.2,0.0009975433349609375,0.30611562728881836,0.305631160736084
2026-03-20T09:10:10.612151+00:00,UNDERWATER,ALIVE,110.0,30.0,-8.0,173.2,128.7,0.0,0.3004453182220459,0.29944777488708496
2026-03-20T09:10:10.961726+00:00,UNDERWATER,ALIVE,105.0,30.0,-8.0,173.2,128.7,0.0,0.34856295585632324,0.34856295585632324
2026-03-20T09:10:11.286503+00:00,UNDERWATER,ALIVE,100.0,30.0,-8.0,173.2,128.7,0.0009975433349609375,0.3257880210876465,0.3267855644226074
2026-03-20T09:10:11.602123+00:00,UNDERWATER,ALIVE,95.0,30.0,-8.0,173.2,129.1,0.0009970664978027344,0.3146231174468994,0.3146226406097412
2026-03-20T09:10:11.871114+00:00,UNDERWATER,ALIVE,90.0,30.0,-8.0,173.2,129.6,0.0,0.27098631858825684,0.2699892520904541
2026-03-20T09:10:12.138519+00:00,UNDERWATER,ALIVE,85.0,30.0,-8.0,173.2,130.1,0.0,0.26640772819519043,0.26640772819519043
2026-03-20T09:10:12.435873+00:00,UNDERWATER,ALIVE,80.0,30.0,-8.0,173.2,130.6,0.000997304916381836,0.29735398292541504,0.2983512878417969
2026-03-20T09:10:12.758413+00:00,UNDERWATER,ALIVE,75.0,30.0,-8.0,173.2,131.1,0.0,0.32203149795532227,0.32103419303894043
2026-03-20T09:10:13.193991+00:00,UNDERWATER,ALIVE,70.0,30.0,-8.0,173.2,131.6,0.0,0.4350743293762207,0.4350743293762207
2026-03-20T09:10:13.514037+00:00,UNDERWATER,ALIVE,65.0,30.0,-8.0,173.2,132.1,0.0020079612731933594,0.32004690170288086,0.3220548629760742
2026-03-20T09:10:13.800868+00:00,UNDERWATER,ALIVE,60.0,30.0,-8.0,173.2,132.6,0.0017402172088623047,0.28709864616394043,0.2868309020996094
2026-03-20T09:10:14.091649+00:00,UNDERWATER,ALIVE,55.0,30.0,-8.0,173.2,133.1,0.001741647720336914,0.29077982902526855,0.29078125953674316
2026-03-20T09:10:14.389915+00:00,UNDERWATER,ALIVE,50.0,30.0,-8.0,173.2,133.6,0.0020101070404052734,0.29799795150756836,0.2982664108276367
2026-03-20T09:10:14.711328+00:00,UNDERWATER,ALIVE,45.0,30.0,-8.0,173.2,134.1,0.0,0.3234224319458008,0.3214123249053955
2026-03-20T09:10:15.012443+00:00,UNDERWATER,ALIVE,40.0,30.0,-8.0,173.2,134.6,0.0007700920104980469,0.2993295192718506,0.30009961128234863
2026-03-20T09:10:15.313739+00:00,UNDERWATER,ALIVE,35.0,30.0,-8.0,173.2,135.1,0.0010137557983398438,0.3010828495025635,0.3013265132904053
2026-03-20T09:10:15.600224+00:00,UNDERWATER,ALIVE,30.0,30.0,-8.0,173.2,135.6,0.0009968280792236328,0.287487268447876,0.28747034072875977
2026-03-20T09:10:15.875237+00:00,UNDERWATER,ALIVE,25.0,30.0,-8.0,173.2,136.1,0.0,0.2740025520324707,0.27300572395324707
2026-03-20T09:10:16.138293+00:00,UNDERWATER,ALIVE,20.0,30.0,-8.0,173.2,136.6,0.0,0.2650635242462158,0.2650635242462158
2026-03-20T09:10:16.466822+00:00,UNDERWATER,ALIVE,15.0,30.0,-8.0,173.2,137.1,0.0,0.32852816581726074,0.32852816581726074
2026-03-20T09:10:16.789987+00:00,UNDERWATER,ALIVE,10.0,25.0,-8.0,173.2,137.6,0.0009958744049072266,0.32117199897766113,0.32216787338256836
2026-03-20T09:10:17.094261+00:00,UNDERWATER,ALIVE,15.0,25.0,-8.0,173.2,138.1,0.0020072460174560547,0.30426025390625,0.30527162551879883
2026-03-20T09:10:17.445050+00:00,UNDERWATER,ALIVE,20.0,25.0,-8.0,173.2,138.6,0.0009980201721191406,0.35179781913757324,0.35078859329223633
2026-03-20T09:10:17.720424+00:00,UNDERWATER,ALIVE,25.0,25.0,-8.0,173.2,139.1,0.002008199691772461,0.27436399459838867,0.275374174118042
2026-03-20T09:10:17.993187+00:00,UNDERWATER,ALIVE,30.0,25.0,-8.0,173.2,139.6,0.000997781753540039,0.2737736701965332,0.2727632522583008
2026-03-20T09:10:18.286279+00:00,UNDERWATER,ALIVE,35.0,25.0,-8.0,173.2,140.1,0.0,0.2930893898010254,0.29209160804748535
2026-03-20T09:10:18.570459+00:00,UNDERWATER,ALIVE,40.0,25.0,-8.0,173.2,140.6,0.0,0.28518033027648926,0.28518033027648926
2026-03-20T09:10:18.940434+00:00,UNDERWATER,ALIVE,45.0,25.0,-8.0,173.2,141.1,0.0,0.3679678440093994,0.3679678440093994
2026-03-20T09:10:19.267881+00:00,UNDERWATER,ALIVE,50.0,25.0,-8.0,173.2,141.6,0.0009975433349609375,0.32845640182495117,0.3294539451599121
2026-03-20T09:10:19.550057+00:00,UNDERWATER,ALIVE,55.0,25.0,-8.0,173.2,142.1,0.000997304916381836,0.28117895126342773,0.28117871284484863
2026-03-20T09:10:19.842170+00:00,UNDERWATER,ALIVE,60.0,25.0,-8.0,173.2,142.6,0.0,0.2921004295349121,0.2911031246185303
2026-03-20T09:10:20.104877+00:00,UNDERWATER,ALIVE,65.0,25.0,-8.0,173.2,143.1,0.0010640621185302734,0.26364994049072266,0.26471400260925293
2026-03-20T09:10:20.532300+00:00,UNDERWATER,ALIVE,70.0,25.0,-8.0,173.2,143.6,0.0009970664978027344,0.42649340629577637,0.42642641067504883
2026-03-20T09:10:21.007301+00:00,UNDERWATER,ALIVE,75.0,25.0,-8.0,173.2,144.1,0.002009153366088867,0.47498583793640137,0.4759979248046875
2026-03-20T09:10:21.448627+00:00,UNDERWATER,ALIVE,80.0,25.0,-8.0,173.2,144.6,0.0009975433349609375,0.44134092330932617,0.44032931327819824
2026-03-20T09:10:21.835099+00:00,UNDERWATER,ALIVE,85.0,25.0,-8.0,173.2,145.1,0.000997304916381836,0.3874688148498535,0.3874685764312744
2026-03-20T09:10:22.210439+00:00,UNDERWATER,ALIVE,90.0,25.0,-8.0,173.2,145.6,0.0008523464202880859,0.3746359348297119,0.37449097633361816
2026-03-20T09:10:22.632707+00:00,UNDERWATER,ALIVE,95.0,25.0,-8.0,173.2,146.1,0.0,0.42195987701416016,0.42110753059387207
2026-03-20T09:10:23.041088+00:00,UNDERWATER,ALIVE,100.0,25.0,-8.0,173.2,146.5,0.0,0.40837621688842773,0.40837621688842773
2026-03-20T09:10:23.479925+00:00,UNDERWATER,ALIVE,105.0,25.0,-8.0,173.2,146.5,0.002009868621826172,0.4388422966003418,0.44085216522216797
2026-03-20T09:10:23.870008+00:00,UNDERWATER,ALIVE,110.0,20.0,-8.0,173.2,147.0,0.0017430782318115234,0.3903496265411377,0.39008283615112305
2026-03-20T09:10:24.259030+00:00,UNDERWATER,ALIVE,105.0,20.0,-8.0,173.2,147.0,0.0,0.3897721767425537,0.3880290985107422
2026-03-20T09:10:24.664413+00:00,UNDERWATER,ALIVE,100.0,20.0,-8.0,173.2,147.0,0.0009860992431640625,0.40538907051086426,0.4063751697540283
2026-03-20T09:10:25.079948+00:00,UNDERWATER,ALIVE,95.0,20.0,-8.0,173.2,147.4,0.0020096302032470703,0.41451215744018555,0.41553568840026855
2026-03-20T09:10:25.498089+00:00,UNDERWATER,ALIVE,90.0,20.0,-8.0,173.2,147.9,0.002009153366088867,0.41814112663269043,0.4181406497955322
2026-03-20T09:10:25.854086+00:00,UNDERWATER,ALIVE,85.0,20.0,-8.0,173.2,148.4,0.0,0.3570117950439453,0.35500264167785645
2026-03-20T09:10:26.509151+00:00,UNDERWATER,ALIVE,80.0,20.0,-8.0,173.2,148.9,0.0,0.6560590267181396,0.6560590267181396
2026-03-20T09:10:27.120388+00:00,UNDERWATER,ALIVE,75.0,20.0,-8.0,173.2,149.4,0.0020089149475097656,0.6092286109924316,0.6112375259399414
2026-03-20T09:10:27.586508+00:00,UNDERWATER,ALIVE,70.0,20.0,-8.0,173.2,149.9,0.0,0.4681282043457031,0.46611928939819336
2026-03-20T09:10:27.995826+00:00,UNDERWATER,ALIVE,65.0,20.0,-8.0,173.2,150.4,0.0020096302032470703,0.40730857849121094,0.409318208694458
2026-03-20T09:10:28.386941+00:00,UNDERWATER,ALIVE,60.0,20.0,-8.0,173.2,150.9,0.0009953975677490234,0.3911323547363281,0.3901181221008301
2026-03-20T09:10:28.808925+00:00,UNDERWATER,ALIVE,55.0,20.0,-8.0,173.2,151.4,0.0010907649993896484,0.4228858947753906,0.42298126220703125
2026-03-20T09:10:29.225025+00:00,UNDERWATER,ALIVE,50.0,20.0,-8.0,173.2,151.9,0.0010993480682373047,0.41509294509887695,0.4151015281677246
2026-03-20T09:10:29.659674+00:00,UNDERWATER,ALIVE,45.0,20.0,-8.0,173.2,152.4,0.0,0.4357483386993408,0.4346489906311035
2026-03-20T09:10:30.035527+00:00,UNDERWATER,ALIVE,40.0,20.0,-8.0,173.2,152.9,0.001001119613647461,0.3758506774902344,0.37685179710388184
2026-03-20T09:10:30.486298+00:00,UNDERWATER,ALIVE,35.0,20.0,-8.0,173.2,153.4,0.0009968280792236328,0.44977736473083496,0.44977307319641113
2026-03-20T09:10:30.907382+00:00,UNDERWATER,ALIVE,30.0,20.0,-8.0,173.2,153.9,0.002011537551879883,0.4210665225982666,0.42208123207092285
2026-03-20T09:10:31.551100+00:00,UNDERWATER,ALIVE,25.0,20.0,-8.0,173.2,154.4,0.0,0.6457302570343018,0.6437187194824219
2026-03-20T09:10:31.970855+00:00,UNDERWATER,ALIVE,20.0,20.0,-8.0,173.2,154.9,0.002012491226196289,0.4177424907684326,0.4197549819946289
2026-03-20T09:10:32.462905+00:00,UNDERWATER,ALIVE,15.0,20.0,-8.0,173.2,155.4,0.0009984970092773438,0.49306368827819824,0.4920496940612793
2026-03-20T09:10:32.948401+00:00,UNDERWATER,ALIVE,10.0,15.0,-8.0,173.2,155.9,0.0020084381103515625,0.4844856262207031,0.48549556732177734
2026-03-20T09:10:33.338868+00:00,UNDERWATER,ALIVE,15.0,15.0,-8.0,173.2,156.4,0.0009975433349609375,0.39048004150390625,0.3894691467285156
2026-03-20T09:10:33.701062+00:00,UNDERWATER,ALIVE,20.0,15.0,-8.0,173.2,156.9,0.002008676528930664,0.3621809482574463,0.363192081451416
2026-03-20T09:10:33.997960+00:00,UNDERWATER,ALIVE,25.0,15.0,-8.0,173.2,157.4,0.0009982585906982422,0.2979090213775635,0.29689860343933105
2026-03-20T09:10:34.334946+00:00,UNDERWATER,ALIVE,30.0,15.0,-8.0,173.2,157.9,0.0,0.33698582649230957,0.33598756790161133
2026-03-20T09:10:34.829166+00:00,UNDERWATER,ALIVE,35.0,15.0,-8.0,173.2,158.4,0.0,0.4932065010070801,0.4932065010070801
2026-03-20T09:10:35.242485+00:00,UNDERWATER,ALIVE,40.0,15.0,-8.0,173.2,158.9,0.0020089149475097656,0.41332125663757324,0.415330171585083
2026-03-20T09:10:35.659770+00:00,UNDERWATER,ALIVE,45.0,15.0,-8.0,173.2,159.4,0.000997781753540039,0.41829609870910645,0.4172849655151367
2026-03-20T09:10:35.955174+00:00,UNDERWATER,ALIVE,50.0,15.0,-8.0,173.2,159.9,0.0,0.29439353942871094,0.2933957576751709
2026-03-20T09:10:36.972248+00:00,UNDERWATER,ALIVE,55.0,15.0,-8.0,173.2,160.4,0.0,1.0190820693969727,1.0190820693969727
2026-03-20T09:10:37.269634+00:00,UNDERWATER,ALIVE,60.0,15.0,-8.0,173.2,160.9,0.0,0.29738593101501465,0.29738593101501465
2026-03-20T09:10:37.548505+00:00,UNDERWATER,ALIVE,65.0,15.0,-8.0,173.2,161.4,0.0,0.2788710594177246,0.2788710594177246
2026-03-20T09:10:37.817013+00:00,UNDERWATER,ALIVE,70.0,15.0,-8.0,173.2,161.9,0.0017409324645996094,0.26599693298339844,0.26773786544799805
2026-03-20T09:10:38.077531+00:00,UNDERWATER,ALIVE,75.0,15.0,-8.0,173.2,162.4,0.0,0.2630298137664795,0.2612888813018799
2026-03-20T09:10:38.382789+00:00,UNDERWATER,ALIVE,80.0,15.0,-8.0,173.2,162.9,0.0,0.30324864387512207,0.30324864387512207
2026-03-20T09:10:38.713683+00:00,UNDERWATER,ALIVE,85.0,15.0,-8.0,173.2,163.4,0.0,0.3329031467437744,0.3329031467437744
2026-03-20T09:10:39.025190+00:00,UNDERWATER,ALIVE,90.0,15.0,-8.0,173.2,163.9,0.0,0.30949831008911133,0.30949831008911133
2026-03-20T09:10:39.336750+00:00,UNDERWATER,ALIVE,95.0,15.0,-8.0,173.2,164.4,0.0015745162963867188,0.3109776973724365,0.31255221366882324
2026-03-20T09:10:39.654829+00:00,UNDERWATER,ALIVE,100.0,15.0,-8.0,173.2,164.8,0.000997304916381836,0.3196721076965332,0.3190948963165283
2026-03-20T09:10:39.919000+00:00,UNDERWATER,ALIVE,105.0,15.0,-8.0,173.2,164.8,0.0,0.26315999031066895,0.2621626853942871
2026-03-20T09:10:40.231226+00:00,UNDERWATER,ALIVE,110.0,10.0,-8.0,173.2,165.3,0.000997781753540039,0.31323671340942383,0.31423449516296387
2026-03-20T09:10:40.547127+00:00,UNDERWATER,ALIVE,105.0,10.0,-8.0,173.2,165.3,0.0009987354278564453,0.31490349769592285,0.31490445137023926
2026-03-20T09:10:40.891773+00:00,UNDERWATER,ALIVE,100.0,10.0,-8.0,173.2,165.3,0.00202178955078125,0.3446202278137207,0.3456432819366455
2026-03-20T09:10:41.312896+00:00,UNDERWATER,ALIVE,95.0,10.0,-8.0,173.2,165.7,0.0,0.42113256454467773,0.4191107749938965
2026-03-20T09:10:41.685963+00:00,UNDERWATER,ALIVE,90.0,10.0,-8.0,173.2,166.2,0.0,0.37307047843933105,0.37307047843933105
2026-03-20T09:10:41.973928+00:00,UNDERWATER,ALIVE,85.0,10.0,-8.0,173.2,166.7,0.0,0.28997373580932617,0.28997373580932617
2026-03-20T09:10:42.311893+00:00,UNDERWATER,ALIVE,80.0,10.0,-8.0,173.2,167.2,0.002010822296142578,0.3359534740447998,0.3379642963409424
2026-03-20T09:10:42.666089+00:00,UNDERWATER,ALIVE,75.0,10.0,-8.0,173.2,167.7,0.0,0.35620689392089844,0.35419607162475586
2026-03-20T09:10:43.226586+00:00,UNDERWATER,ALIVE,70.0,10.0,-8.0,173.2,168.2,0.0022726058959960938,0.5582249164581299,0.560497522354126
2026-03-20T09:10:43.592778+00:00,UNDERWATER,ALIVE,65.0,10.0,-8.0,173.2,168.7,0.0,0.3664557933807373,0.3641831874847412
2026-03-20T09:10:43.912893+00:00,UNDERWATER,ALIVE,60.0,10.0,-8.0,173.2,169.2,0.0020079612731933594,0.320115327835083,0.32212328910827637
2026-03-20T09:10:44.209411+00:00,UNDERWATER,ALIVE,55.0,10.0,-8.0,173.2,169.7,0.0016646385192871094,0.2964961528778076,0.29615283012390137
2026-03-20T09:10:44.561404+00:00,UNDERWATER,ALIVE,50.0,10.0,-8.0,173.2,170.2,0.0020084381103515625,0.35201454162597656,0.352358341217041
2026-03-20T09:10:44.901648+00:00,UNDERWATER,ALIVE,45.0,10.0,-8.0,173.2,170.7,0.0,0.3422524929046631,0.3402440547943115
2026-03-20T09:10:45.218755+00:00,UNDERWATER,ALIVE,40.0,10.0,-8.0,173.2,171.2,0.002008199691772461,0.31509852409362793,0.3171067237854004
2026-03-20T09:10:45.484356+00:00,UNDERWATER,ALIVE,35.0,10.0,-8.0,173.2,171.7,0.0,0.2676091194152832,0.26560091972351074
2026-03-20T09:10:45.787970+00:00,UNDERWATER,ALIVE,30.0,10.0,-8.0,173.2,172.2,0.000997304916381836,0.3016202449798584,0.30261754989624023
2026-03-20T09:10:46.053512+00:00,UNDERWATER,ALIVE,25.0,10.0,-8.0,173.2,172.7,0.000997781753540039,0.2665379047393799,0.2665383815765381
2026-03-20T09:10:46.369888+00:00,UNDERWATER,ALIVE,20.0,10.0,-8.0,173.2,173.2,0.0021533966064453125,0.31522107124328613,0.3163766860961914
2026-03-20T09:10:46.690804+00:00,UNDERWATER,ALIVE,15.0,10.0,-8.0,173.2,173.7,0.0,0.3210616111755371,0.3189082145690918
2026-03-20T09:10:48.926118+00:00,DONE,ALIVE,0.0,60.0,0.0,178.0,173.7,0.0,2.2373218536376953,2.2373218536376953
